Product_Name,Sales,generated_at
"#10 gummed flap white envelopes, 100/box",41.3,2026-03-25 18:27:01
#10 self-seal white envelopes,108.682,2026-03-25 18:27:01
"#10 white business envelopes,4 1/8 x 9 1/2",379.214,2026-03-25 18:27:01
#10- 4 1/8 x 9 1/2 recycled envelopes,286.672,2026-03-25 18:27:01
#10- 4 1/8 x 9 1/2 security-tint envelopes,146.688,2026-03-25 18:27:01
#10-4 1/8 x 9 1/2 premium diagonal seam envelopes,176.288,2026-03-25 18:27:01
#6 3/4 gummed flap white envelopes,71.28,2026-03-25 18:27:01
1.7 cubic foot compact cube office refrigerators,2706.08,2026-03-25 18:27:01
"1/4 fold party design invitations & white envelopes, 24 8-1/2 x 11 cards, 25 env./pack",49.980000000000004,2026-03-25 18:27:01
12 colored short pencils,18.2,2026-03-25 18:27:01
12-1/2 diameter round wall clock,551.448,2026-03-25 18:27:01
14-7/8 x 11 blue bar computer printout paper,422.752,2026-03-25 18:27:01
2300 heavy-duty transfer file systems by perma,344.724,2026-03-25 18:27:01
"24 capacity maxi data binder racks, pearl",3537.24,2026-03-25 18:27:01
24-hour round wall clock,487.512,2026-03-25 18:27:01
3-ring staple pack,42.111999999999995,2026-03-25 18:27:01
3.6 cubic foot counter height office refrigerator,2946.2,2026-03-25 18:27:01
36x48 hardfloor chairmat,369.24800000000005,2026-03-25 18:27:01
"3d systems cube printer, 2nd generation, magenta",14299.89,2026-03-25 18:27:01
"3d systems cube printer, 2nd generation, white",2339.982,2026-03-25 18:27:01
3m hangers with command adhesive,108.03999999999999,2026-03-25 18:27:01
3m office air cleaner,259.8,2026-03-25 18:27:01
3m organizer strips,83.16,2026-03-25 18:27:01
3m polarizing light filter sleeves,216.34,2026-03-25 18:27:01
"3m polarizing task lamp with clamp arm, light gray",2191.68,2026-03-25 18:27:01
3m replacement filter for office air cleaner for 20 x 33 room,303.36,2026-03-25 18:27:01
4009 highlighters,8.04,2026-03-25 18:27:01
4009 highlighters by sanford,171.14,2026-03-25 18:27:01
50 colored long pencils,138.176,2026-03-25 18:27:01
"6 cubicle wall clock, black",100.316,2026-03-25 18:27:01
9-3/4 diameter round wall clock,455.07,2026-03-25 18:27:01
aastra 57i voip phone,3426.132,2026-03-25 18:27:01
aastra 6757i ct wireless voip phone,2929.984,2026-03-25 18:27:01
acco 3-hole punch,137.53199999999998,2026-03-25 18:27:01
acco 6 outlet guardian basic surge suppressor,38.272,2026-03-25 18:27:01
acco 6 outlet guardian premium plus surge suppressor,289.456,2026-03-25 18:27:01
acco 6 outlet guardian premium surge suppressor,432.432,2026-03-25 18:27:01
acco 6 outlet guardian standard surge suppressor,149.916,2026-03-25 18:27:01
"acco 7-outlet masterpiece power center, wihtout fax/phone line protection",2796.3399999999997,2026-03-25 18:27:01
"acco bankers clasps, 5 3/4-long",40.896,2026-03-25 18:27:01
"acco clips to go binder clips, 24 clips in two sizes",66.03,2026-03-25 18:27:01
acco d-ring binder w/dubllock,235.18,2026-03-25 18:27:01
"acco data flex cable posts for top & bottom load binders, 6 capacity",262.836,2026-03-25 18:27:01
acco economy flexible poly round ring binder,8.352,2026-03-25 18:27:01
acco expandable hanging binders,33.176,2026-03-25 18:27:01
"acco flexible accohide square ring data binder, dark blue, 11 1/2 x 14 7/8",410.004,2026-03-25 18:27:01
"acco four pocket poly ring binder with label holder, smoke, 1",122.18,2026-03-25 18:27:01
acco glide clips,19.6,2026-03-25 18:27:01
acco hanging data binders,41.910000000000004,2026-03-25 18:27:01
acco hot clips clips to go,67.116,2026-03-25 18:27:01
acco perma 2700 stacking storage drawers,208.18,2026-03-25 18:27:01
acco perma 3000 stacking storage drawers,373.44399999999996,2026-03-25 18:27:01
acco perma 4000 stacking storage drawers,457.96799999999996,2026-03-25 18:27:01
"acco pressboard covers with storage hooks, 14 7/8 x 11, dark blue",59.817,2026-03-25 18:27:01
"acco pressboard covers with storage hooks, 14 7/8 x 11, executive red",63.627,2026-03-25 18:27:01
"acco pressboard covers with storage hooks, 14 7/8 x 11, light blue",131.097,2026-03-25 18:27:01
"acco pressboard covers with storage hooks, 9 1/2 x 11, executive red",91.44,2026-03-25 18:27:01
"acco presstex data binder with storage hooks, dark blue, 14 7/8 x 11",175.388,2026-03-25 18:27:01
"acco presstex data binder with storage hooks, dark blue, 9 1/2 x 11",62.946,2026-03-25 18:27:01
"acco presstex data binder with storage hooks, light blue, 9 1/2 x 11",67.25,2026-03-25 18:27:01
acco recycled 2 capacity laser printer hanging data binders,85.255,2026-03-25 18:27:01
acco side-punched conventional columnar pads,41.64,2026-03-25 18:27:01
"acco six-outlet power strip, 4 cord length",299.976,2026-03-25 18:27:01
acco smartsocket color-coded six-outlet ac adapter model surge protectors,448.902,2026-03-25 18:27:01
"acco smartsocket table surge protector, 6 color-coded adapter outlets",452.96500000000003,2026-03-25 18:27:01
acco suede grain vinyl round ring binder,38.641999999999996,2026-03-25 18:27:01
acco translucent poly ring binders,77.68799999999999,2026-03-25 18:27:01
"accohide 3-ring binder, blue, 1",147.028,2026-03-25 18:27:01
accohide binder by acco,65.25399999999999,2026-03-25 18:27:01
accohide poly flexible ring binders,43.758,2026-03-25 18:27:01
acme 10 easy grip assistive scissors,448.76800000000003,2026-03-25 18:27:01
acme box cutter scissors,255.75,2026-03-25 18:27:01
"acme design line 8 stainless steel bent scissors w/champagne handles, 3-1/8 cut",45.144,2026-03-25 18:27:01
acme design stainless steel bent scissors,88.92,2026-03-25 18:27:01
acme elite stainless steel scissors,95.076,2026-03-25 18:27:01
acme forged steel scissors with black enamel handles,279.3,2026-03-25 18:27:01
acme galleria hot forged steel scissors with colored handles,195.05200000000002,2026-03-25 18:27:01
"acme hot forged carbon steel scissors with nickel-plated handles, 3 7/8 cut, 8l",305.8,2026-03-25 18:27:01
acme kleen earth office shears,44.232,2026-03-25 18:27:01
acme kleencut forged steel scissors,35.587999999999994,2026-03-25 18:27:01
acme office executive series stainless steel trimmers,159.402,2026-03-25 18:27:01
acme preferred stainless steel scissors,90.88,2026-03-25 18:27:01
acme rosewood handle letter opener,43.67,2026-03-25 18:27:01
acme serrated blade letter opener,7.632,2026-03-25 18:27:01
acme softgrip scissors,166.056,2026-03-25 18:27:01
acme stainless steel office snips,81.424,2026-03-25 18:27:01
acme tagit stainless steel antibacterial scissors,196.01999999999998,2026-03-25 18:27:01
acme titanium bonded scissors,102.0,2026-03-25 18:27:01
acme value line scissors,69.35,2026-03-25 18:27:01
acrylic self-standing desk frames,93.984,2026-03-25 18:27:01
"adams phone message book, 200 message capacity, 8 1/16 x 11",227.04,2026-03-25 18:27:01
"adams phone message book, professional, 400 message capacity, 5 3/6 x 11",94.928,2026-03-25 18:27:01
"adams telephone message book w/dividers/space for phone numbers, 5 1/4x8 1/2, 200/messages",172.672,2026-03-25 18:27:01
"adams telephone message book w/dividers/space for phone numbers, 5 1/4x8 1/2, 300/messages",132.888,2026-03-25 18:27:01
"adams telephone message book w/frequently-called numbers space, 400 messages per book",223.44,2026-03-25 18:27:01
"adams telephone message books, 5 1/4 x 11",80.936,2026-03-25 18:27:01
adams while you were out message pads,72.848,2026-03-25 18:27:01
"adams write n stick phone message book, 11 x 5 1/4, 200 messages",40.896,2026-03-25 18:27:01
adjustable depth letter/legal cart,7439.860000000001,2026-03-25 18:27:01
adjustable personal file tote,270.24800000000005,2026-03-25 18:27:01
adtran 1202752g1,1990.6419999999998,2026-03-25 18:27:01
"advantus 10-drawer portable organizer, chrome metal frame, smoke drawers",1051.7759999999998,2026-03-25 18:27:01
"advantus employee of the month certificate frame, 11 x 13-1/2",649.53,2026-03-25 18:27:01
advantus map pennant flags and round head tacks,87.69,2026-03-25 18:27:01
advantus motivational note cards,227.94,2026-03-25 18:27:01
advantus panel wall acrylic frame,87.52,2026-03-25 18:27:01
advantus panel wall certificate holder - 8.5x11,270.84,2026-03-25 18:27:01
advantus plastic paper clips,225.0,2026-03-25 18:27:01
advantus push pins,54.936,2026-03-25 18:27:01
"advantus push pins, aluminum head",139.44,2026-03-25 18:27:01
advantus rolling drawer organizers,1115.92,2026-03-25 18:27:01
advantus rolling storage box,428.75,2026-03-25 18:27:01
advantus slideclip paper clips,46.376000000000005,2026-03-25 18:27:01
advantus t-pin paper clips,64.042,2026-03-25 18:27:01
airmail envelopes,1359.6660000000002,2026-03-25 18:27:01
akro stacking bins,91.524,2026-03-25 18:27:01
akro-mils 12-gallon tote,113.202,2026-03-25 18:27:01
"alliance big bands rubber bands, 12/pack",9.9,2026-03-25 18:27:01
alliance rubber bands,13.440000000000001,2026-03-25 18:27:01
"alliance super-size bands, assorted sizes",197.61200000000002,2026-03-25 18:27:01
alphabetical labels for top tab filing,488.4,2026-03-25 18:27:01
aluminum document frame,244.39999999999998,2026-03-25 18:27:01
aluminum screw posts,354.032,2026-03-25 18:27:01
amazonbasics 3-button usb wired mouse,88.074,2026-03-25 18:27:01
american pencil,48.93,2026-03-25 18:27:01
ames color-file green diamond border x-ray mailers,1360.476,2026-03-25 18:27:01
ampad #10 peel & seel holiday envelopes,53.760000000000005,2026-03-25 18:27:01
"ampad evidence wirebond steno books, 6 x 9",16.568,2026-03-25 18:27:01
"ampad gold fibre wirebound steno books, 6 x 9, gregg ruled",106.72200000000001,2026-03-25 18:27:01
"ampad phone message book, recycled, 400 message capacity, 5 ¾ x 11",124.8,2026-03-25 18:27:01
"ampad poly cover wirebound steno book, 6 x 9 assorted colors, gregg ruled",38.135999999999996,2026-03-25 18:27:01
anderson hickey conga table tops & accessories,51.782,2026-03-25 18:27:01
"angle-d binders with locking rings, label holders",197.82999999999998,2026-03-25 18:27:01
angle-d ring binders,39.384,2026-03-25 18:27:01
anker 24w portable micro usb car charger,61.544,2026-03-25 18:27:01
anker 36w 4-port usb wall charger travel power adapter for iphone 5s 5c 5,339.83,2026-03-25 18:27:01
anker astro 15000mah usb portable charger,599.88,2026-03-25 18:27:01
anker astro mini 3000mah ultra-compact portable charger,147.926,2026-03-25 18:27:01
anker ultra-slim mini bluetooth 3.0 wireless keyboard,499.75,2026-03-25 18:27:01
anker ultrathin bluetooth wireless keyboard aluminum cover with stand,491.836,2026-03-25 18:27:01
apc 7 outlet network surgearrest surge protector,1207.2,2026-03-25 18:27:01
apple earpods with remote and mic,251.91,2026-03-25 18:27:01
apple iphone 5,12996.600000000002,2026-03-25 18:27:01
apple iphone 5c,1339.866,2026-03-25 18:27:01
apple iphone 5s,4901.914000000001,2026-03-25 18:27:01
arkon windshield dashboard air vent car mount holder,149.16,2026-03-25 18:27:01
array memo cubes,54.908,2026-03-25 18:27:01
"array parchment paper, assorted colors",62.608,2026-03-25 18:27:01
artistic insta-plaque,156.8,2026-03-25 18:27:01
assorted color push pins,34.39,2026-03-25 18:27:01
astroparche fine business paper,144.672,2026-03-25 18:27:01
at&t 1070 corded phone,1070.304,2026-03-25 18:27:01
at&t 1080 corded phone,1945.258,2026-03-25 18:27:01
at&t 1080 phone,1589.084,2026-03-25 18:27:01
at&t 17929 lendline telephone,1339.104,2026-03-25 18:27:01
at&t 841000 phone,1614.6,2026-03-25 18:27:01
at&t cl2909,755.9399999999999,2026-03-25 18:27:01
at&t cl82213,481.234,2026-03-25 18:27:01
at&t cl83451 4-handset telephone,1936.306,2026-03-25 18:27:01
at&t el51110 dect,377.97,2026-03-25 18:27:01
at&t sb67148 synj,475.128,2026-03-25 18:27:01
at&t tr1909w,1738.662,2026-03-25 18:27:01
"ativa d5772 2-line 5.8ghz digital expandable corded/cordless phone system with answering & caller id/call waiting, black/silver",1979.88,2026-03-25 18:27:01
ativa mdm8000 8-sheet micro-cut shredder,917.8979999999999,2026-03-25 18:27:01
ativa v4110mdd micro-cut shredder,7699.89,2026-03-25 18:27:01
"atlantic metals mobile 2-shelf bookcases, custom colors",400.0268,2026-03-25 18:27:01
"atlantic metals mobile 3-shelf bookcases, custom colors",7539.7122,2026-03-25 18:27:01
"atlantic metals mobile 4-shelf bookcases, custom colors",5184.081,2026-03-25 18:27:01
"atlantic metals mobile 5-shelf bookcases, custom colors",5492.885,2026-03-25 18:27:01
avanti 1.7 cu. ft. refrigerator,2221.56,2026-03-25 18:27:01
avanti 4.4 cu. ft. refrigerator,3511.012,2026-03-25 18:27:01
avaya 4621sw voip phone,709.92,2026-03-25 18:27:01
avaya 5410 digital phone,231.166,2026-03-25 18:27:01
avaya 5420 digital phone,1538.886,2026-03-25 18:27:01
avaya ip phone 1140e voip phone,1394.95,2026-03-25 18:27:01
"avery 05222 permanent self-adhesive file folder labels for typewriters, on rolls, white, 250/roll",20.65,2026-03-25 18:27:01
"avery 3 1/2 diskette storage pages, 10/pack",137.808,2026-03-25 18:27:01
"avery 4027 file folder labels for dot matrix printers, 5000 labels per box, white",1233.412,2026-03-25 18:27:01
avery 473,248.4,2026-03-25 18:27:01
avery 474,78.336,2026-03-25 18:27:01
avery 475,266.4,2026-03-25 18:27:01
avery 476,120.596,2026-03-25 18:27:01
avery 477,573.9639999999999,2026-03-25 18:27:01
avery 478,88.38,2026-03-25 18:27:01
avery 479,16.704,2026-03-25 18:27:01
avery 48,90.72,2026-03-25 18:27:01
avery 480,89.25,2026-03-25 18:27:01
avery 481,91.168,2026-03-25 18:27:01
avery 482,11.56,2026-03-25 18:27:01
avery 483,83.664,2026-03-25 18:27:01
avery 484,9.216,2026-03-25 18:27:01
avery 485,639.03,2026-03-25 18:27:01
avery 486,168.13,2026-03-25 18:27:01
avery 487,84.87,2026-03-25 18:27:01
avery 488,51.03,2026-03-25 18:27:01
avery 489,159.39,2026-03-25 18:27:01
avery 49,66.816,2026-03-25 18:27:01
avery 490,177.6,2026-03-25 18:27:01
avery 491,45.43,2026-03-25 18:27:01
avery 492,53.568,2026-03-25 18:27:01
avery 493,55.974000000000004,2026-03-25 18:27:01
avery 494,56.376,2026-03-25 18:27:01
avery 495,97.02,2026-03-25 18:27:01
avery 496,50.25,2026-03-25 18:27:01
avery 497,24.023999999999997,2026-03-25 18:27:01
avery 498,35.258,2026-03-25 18:27:01
avery 499,176.292,2026-03-25 18:27:01
avery 5,5.76,2026-03-25 18:27:01
avery 50,235.564,2026-03-25 18:27:01
avery 500,58.48,2026-03-25 18:27:01
avery 501,66.42,2026-03-25 18:27:01
avery 502,17.64,2026-03-25 18:27:01
avery 503,124.2,2026-03-25 18:27:01
avery 505,372.96000000000004,2026-03-25 18:27:01
avery 506,66.08,2026-03-25 18:27:01
avery 507,24.192,2026-03-25 18:27:01
avery 508,87.398,2026-03-25 18:27:01
avery 509,32.364000000000004,2026-03-25 18:27:01
avery 51,95.75999999999999,2026-03-25 18:27:01
avery 510,21.75,2026-03-25 18:27:01
avery 511,56.672,2026-03-25 18:27:01
avery 512,84.388,2026-03-25 18:27:01
avery 513,72.708,2026-03-25 18:27:01
avery 514,47.808,2026-03-25 18:27:01
avery 515,62.650000000000006,2026-03-25 18:27:01
avery 516,109.64999999999999,2026-03-25 18:27:01
avery 517,44.28,2026-03-25 18:27:01
avery 518,106.47,2026-03-25 18:27:01
avery 519,121.34599999999999,2026-03-25 18:27:01
avery 52,68.634,2026-03-25 18:27:01
avery 520,46.620000000000005,2026-03-25 18:27:01
"avery address/shipping labels for typewriters, 4 x 2",277.38,2026-03-25 18:27:01
avery arch ring binders,1318.87,2026-03-25 18:27:01
avery binder labels,26.063,2026-03-25 18:27:01
avery binding system hidden tab executive style index sets,91.743,2026-03-25 18:27:01
avery durable binders,87.264,2026-03-25 18:27:01
avery durable plastic 1 binders,116.224,2026-03-25 18:27:01
avery durable poly binders,82.95,2026-03-25 18:27:01
avery durable slant ring binders,51.480000000000004,2026-03-25 18:27:01
avery durable slant ring binders with label holder,77.33,2026-03-25 18:27:01
"avery durable slant ring binders, no labels",89.55,2026-03-25 18:27:01
avery file folder labels,113.472,2026-03-25 18:27:01
"avery flip-chart easel binder, black",239.466,2026-03-25 18:27:01
avery fluorescent highlighter four-color set,65.464,2026-03-25 18:27:01
"avery framed view binder, ezd ring (locking), navy, 1 1/2",99.80000000000001,2026-03-25 18:27:01
avery hanging file binders,105.846,2026-03-25 18:27:01
avery heavy-duty ezd  binder with locking rings,92.628,2026-03-25 18:27:01
avery heavy-duty ezd view binder with locking rings,170.984,2026-03-25 18:27:01
"avery hi-liter comfort grip fluorescent highlighter, yellow ink",7.8,2026-03-25 18:27:01
"avery hi-liter everbold pen style fluorescent highlighters, 4/pack",219.78,2026-03-25 18:27:01
avery hi-liter fluorescent desk style markers,20.279999999999998,2026-03-25 18:27:01
"avery hi-liter glidestik fluorescent highlighter, yellow ink",26.08,2026-03-25 18:27:01
avery hi-liter pen style six-color fluorescent set,7.7,2026-03-25 18:27:01
avery hi-liter smear-safe highlighters,114.464,2026-03-25 18:27:01
avery hidden tab dividers for binding systems,31.588,2026-03-25 18:27:01
avery hole reinforcements,116.501,2026-03-25 18:27:01
avery legal 4-ring binder,258.054,2026-03-25 18:27:01
avery metallic poly binders,135.80100000000002,2026-03-25 18:27:01
avery non-stick binders,217.316,2026-03-25 18:27:01
avery non-stick heavy duty view round locking ring binders,68.172,2026-03-25 18:27:01
avery personal creations heavyweight cards,103.86,2026-03-25 18:27:01
avery poly binder pockets,78.044,2026-03-25 18:27:01
avery premier heavy-duty binder with round locking rings,191.352,2026-03-25 18:27:01
avery printable repositionable plastic tabs,115.24000000000001,2026-03-25 18:27:01
avery recycled flexi-view covers for binding systems,197.169,2026-03-25 18:27:01
avery reinforcements for hole-punch pages,28.512,2026-03-25 18:27:01
avery round ring poly binders,36.919999999999995,2026-03-25 18:27:01
avery self-adhesive photo pockets for polaroid photos,143.01,2026-03-25 18:27:01
avery trapezoid extra heavy duty 4 binders,314.54999999999995,2026-03-25 18:27:01
"avery trapezoid ring binder, 3 capacity, black, 1040 sheets",545.034,2026-03-25 18:27:01
"avery triangle shaped sheet lifters, black, 2/pack",25.83,2026-03-25 18:27:01
avery white multi-purpose labels,95.616,2026-03-25 18:27:01
avoid verbal orders carbonless minifold book,68.276,2026-03-25 18:27:01
bady bdg101fru card printer,9279.884,2026-03-25 18:27:01
bagged rubber bands,23.183999999999997,2026-03-25 18:27:01
balt solid wood rectangular table,828.0965,2026-03-25 18:27:01
balt solid wood round tables,6518.754,2026-03-25 18:27:01
balt split level computer training table,1040.625,2026-03-25 18:27:01
barrel sharpener,67.83000000000001,2026-03-25 18:27:01
barricks 18 x 48 non-folding utility table with bottom storage shelf,1088.64,2026-03-25 18:27:01
"barricks non-folding utility table with steel legs, laminate tops",136.464,2026-03-25 18:27:01
"belkin 19 center-weighted shelf, gray",849.3119999999999,2026-03-25 18:27:01
"belkin 19 vented equipment shelf, black",1400.256,2026-03-25 18:27:01
"belkin 325va ups surge protector, 6",1379.172,2026-03-25 18:27:01
belkin 5 outlet surgemaster power centers,1776.048,2026-03-25 18:27:01
belkin 6 outlet metallic surge strip,262.449,2026-03-25 18:27:01
belkin 7 outlet surgemaster ii,631.68,2026-03-25 18:27:01
belkin 7 outlet surgemaster surge protector with phone protection,157.92,2026-03-25 18:27:01
belkin 7-outlet surgemaster home series,72.64399999999999,2026-03-25 18:27:01
belkin 8 outlet surge protector,1073.676,2026-03-25 18:27:01
belkin 8 outlet surgemaster ii gold surge protector,737.754,2026-03-25 18:27:01
belkin 8 outlet surgemaster ii gold surge protector with phone protection,647.84,2026-03-25 18:27:01
belkin 8-outlet premiere surgemaster ii surge protectors,277.92,2026-03-25 18:27:01
belkin f5c206vtel 6 outlet surge,464.196,2026-03-25 18:27:01
belkin f8e887 usb wired ergonomic keyboard,563.812,2026-03-25 18:27:01
belkin f9g930v10-gry 9 outlet surge,770.112,2026-03-25 18:27:01
belkin f9h710-06 7 outlet surgemaster surge protector,516.216,2026-03-25 18:27:01
belkin f9m820v08 8 outlet surge,558.74,2026-03-25 18:27:01
belkin f9s820v06 8 outlet surge,266.336,2026-03-25 18:27:01
belkin grip candy sheer case / cover for iphone 5 and 5s,64.972,2026-03-25 18:27:01
belkin iphone and ipad lightning cable,83.944,2026-03-25 18:27:01
belkin omniview se rackmount kit,248.35999999999999,2026-03-25 18:27:01
belkin premiere surge master ii 8-outlet surge protector,952.168,2026-03-25 18:27:01
belkin qode fastfit bluetooth keyboard,495.6,2026-03-25 18:27:01
"belkin sportfit armband for iphone 5s/5c, fuchsia",239.84,2026-03-25 18:27:01
belkin standard 104 key usb keyboard,265.538,2026-03-25 18:27:01
berol giant pencil sharpener,254.85000000000002,2026-03-25 18:27:01
bestar classic bookcase,1897.8102,2026-03-25 18:27:01
bevis 36 x 72 conference tables,4332.252,2026-03-25 18:27:01
bevis 44 x 96 conference tables,3253.2200000000003,2026-03-25 18:27:01
bevis boat-shaped conference table,2542.467,2026-03-25 18:27:01
"bevis oval conference table, walnut",6942.068,2026-03-25 18:27:01
bevis rectangular conference tables,1007.262,2026-03-25 18:27:01
bevis round bullnose 29 high table top,4544.925,2026-03-25 18:27:01
bevis round conference room tables and bases,519.941,2026-03-25 18:27:01
bevis round conference table top & single column base,2297.538,2026-03-25 18:27:01
"bevis round conference table top, x-base",2671.421,2026-03-25 18:27:01
bevis steel folding chairs,1775.075,2026-03-25 18:27:01
"bevis traditional conference table top, plinth base",2033.496,2026-03-25 18:27:01
bic brite liner grip highlighters,24.272,2026-03-25 18:27:01
"bic brite liner grip highlighters, assorted, 5/pack",118.72,2026-03-25 18:27:01
bic brite liner highlighters,86.112,2026-03-25 18:27:01
"bic brite liner highlighters, chisel tip",123.12,2026-03-25 18:27:01
bic liqua brite liner,173.5,2026-03-25 18:27:01
binder clips by oic,36.112,2026-03-25 18:27:01
binder posts,57.4,2026-03-25 18:27:01
binding machine supplies,667.9929999999999,2026-03-25 18:27:01
"binney & smith crayola metallic colored pencils, 8-color set",88.896,2026-03-25 18:27:01
"binney & smith crayola metallic crayons, 16-color pack",16.176000000000002,2026-03-25 18:27:01
"binney & smith inktank desk highlighter, chisel tip, yellow, 12/box",45.15,2026-03-25 18:27:01
"binney & smith inktank erasable desk highlighter, chisel tip, yellow, 12/box",17.64,2026-03-25 18:27:01
"binney & smith inktank erasable pocket highlighter, chisel tip, yellow",25.992,2026-03-25 18:27:01
bionaire 99.97% hepa air cleaner,199.72799999999998,2026-03-25 18:27:01
bionaire personal warm mist humidifier/vaporizer,515.79,2026-03-25 18:27:01
black & decker filter for double action dustbuster cordless vac bldv7210,229.88600000000002,2026-03-25 18:27:01
"black avery memo-size 3-ring binder, 5 1/2 x 8 1/2",45.507999999999996,2026-03-25 18:27:01
black print carbonless 8 1/2 x 8 1/4 rapid memo book,64.06400000000001,2026-03-25 18:27:01
"black print carbonless snap-off rapid letter, 8 1/2 x 7",160.336,2026-03-25 18:27:01
blackberry q10,3099.354,2026-03-25 18:27:01
blackstonian pencils,30.438000000000002,2026-03-25 18:27:01
blue parrot b250xt professional grade wireless bluetooth headset with,1229.836,2026-03-25 18:27:01
"blue string-tie & button interoffice envelopes, 10 x 13",679.66,2026-03-25 18:27:01
"bluelounge milo smartphone stand, white/metallic",335.888,2026-03-25 18:27:01
bose soundlink bluetooth speaker,2865.6,2026-03-25 18:27:01
boston 1645 deluxe heavier-duty electric pencil sharpener,1073.112,2026-03-25 18:27:01
boston 16701 slimline battery pencil sharpener,86.076,2026-03-25 18:27:01
boston 16750 black compact battery pencil sharpener,43.75,2026-03-25 18:27:01
boston 16765 mini stand up battery pencil sharpener,102.608,2026-03-25 18:27:01
boston 16801 nautilus battery pencil sharpener,444.60200000000003,2026-03-25 18:27:01
boston 1730 standup electric pencil sharpener,171.04,2026-03-25 18:27:01
boston 1799 powerhouse electric pencil sharpener,389.70000000000005,2026-03-25 18:27:01
"boston 1827 commercial additional cutter, drive gear & gear rack for 1606",59.489999999999995,2026-03-25 18:27:01
boston 1900 electric pencil sharpener,14.98,2026-03-25 18:27:01
boston 19500 mighty mite electric pencil sharpener,342.55,2026-03-25 18:27:01
"boston electric pencil sharpener, model 1818, charcoal black",523.59,2026-03-25 18:27:01
boston heavy-duty trimline electric pencil sharpeners,1166.44,2026-03-25 18:27:01
boston home & office model 2000 electric pencil sharpeners,297.99,2026-03-25 18:27:01
boston ks multi-size manual pencil sharpener,533.3679999999999,2026-03-25 18:27:01
"boston model 1800 electric pencil sharpener, gray",264.61,2026-03-25 18:27:01
"boston model 1800 electric pencil sharpeners, putty/woodgrain",496.248,2026-03-25 18:27:01
"boston ranger #55 pencil sharpener, black",618.562,2026-03-25 18:27:01
"boston school pro electric pencil sharpener, 1670",873.636,2026-03-25 18:27:01
boxoffice by design rectangular and half-moon meeting room tables,1706.25,2026-03-25 18:27:01
bpi conference tables,2241.8675,2026-03-25 18:27:01
"bravo ii megaboss 12-amp hard body upright, replacement belts, 2 belts per pack",65.0,2026-03-25 18:27:01
bretford cr4500 series slim rectangular table,7242.768,2026-03-25 18:27:01
bretford cr8500 series meeting room furniture,6776.562000000001,2026-03-25 18:27:01
bretford rectangular conference table tops,12995.2915,2026-03-25 18:27:01
bretford just in time height-adjustable multi-task work tables,5634.9,2026-03-25 18:27:01
"brites rubber bands, 1 1/2 oz. box",13.068000000000001,2026-03-25 18:27:01
brother dcp1000 digital 3 in 1 multifunction machine,4859.838,2026-03-25 18:27:01
"brother mfc-9340cdw led all-in-one printer, copier scanner",341.991,2026-03-25 18:27:01
brown kraft recycled envelopes,244.512,2026-03-25 18:27:01
bulldog table or wall-mount pencil sharpener,77.87,2026-03-25 18:27:01
bulldog vacuum base pencil sharpener,330.924,2026-03-25 18:27:01
bush advantage collection racetrack conference table,6151.045,2026-03-25 18:27:01
bush advantage collection round conference table,3401.6000000000004,2026-03-25 18:27:01
"bush andora bookcase, maple/graphite gray finish",3317.7235,2026-03-25 18:27:01
"bush andora conference table, maple/graphite gray finish",1162.664,2026-03-25 18:27:01
"bush birmingham collection bookcase, dark cherry",825.174,2026-03-25 18:27:01
"bush cubix collection bookcases, fully assembled",729.2339999999999,2026-03-25 18:27:01
"bush cubix conference tables, fully assembled",3603.288,2026-03-25 18:27:01
"bush heritage pine collection 5-shelf bookcase, albany pine finish, *special order",3242.54,2026-03-25 18:27:01
bush mission pointe library,748.8608,2026-03-25 18:27:01
"bush saratoga collection 5-shelf bookcase, hanover cherry, *special order",119.833,2026-03-25 18:27:01
bush somerset collection bookcase,1263.9569999999999,2026-03-25 18:27:01
"bush westfield collection bookcases, dark cherry finish",649.376,2026-03-25 18:27:01
"bush westfield collection bookcases, dark cherry finish, fully assembled",90.882,2026-03-25 18:27:01
"bush westfield collection bookcases, fully assembled",1473.2982000000002,2026-03-25 18:27:01
"bush westfield collection bookcases, medium cherry finish",1426.8878,2026-03-25 18:27:01
"c-line cubicle keepers polyproplyene holder w/velcro back, 8-1/2x11, 25/bx",514.556,2026-03-25 18:27:01
c-line cubicle keepers polyproplyene holder with velcro backings,137.17,2026-03-25 18:27:01
"c-line magnetic cubicle keepers, clear polypropylene",136.344,2026-03-25 18:27:01
"c-line peel & stick add-on filing pockets, 8-3/4 x 5-1/8, 10/pack",85.995,2026-03-25 18:27:01
cameo buff policy envelopes,1456.182,2026-03-25 18:27:01
"canon color imageclass mf8580cdw wireless laser all-in-one printer, copier, scanner",1007.979,2026-03-25 18:27:01
canon image class d660 copier,3959.9339999999997,2026-03-25 18:27:01
canon imageclass 2200 advanced copier,61599.824,2026-03-25 18:27:01
canon imageclass d680 copier / fax,8959.872,2026-03-25 18:27:01
canon imageclass mf7460 monochrome digital laser multifunction copier,3991.98,2026-03-25 18:27:01
canon pc-428 personal copier,3639.818,2026-03-25 18:27:01
canon pc1060 personal laser copier,8819.874,2026-03-25 18:27:01
canon pc1080f personal copier,5999.9,2026-03-25 18:27:01
canon pc170 desktop personal copier,575.82,2026-03-25 18:27:01
canon pc940 copier,5669.874,2026-03-25 18:27:01
canvas sectional post binders,422.63599999999997,2026-03-25 18:27:01
cardinal easyopen d-ring binders,209.30599999999998,2026-03-25 18:27:01
cardinal hold-it cd pocket,38.304,2026-03-25 18:27:01
cardinal holdit business card pockets,87.648,2026-03-25 18:27:01
cardinal holdit data disk pockets,100.464,2026-03-25 18:27:01
"cardinal holdit! binder insert strips,extra strips",136.728,2026-03-25 18:27:01
cardinal poly pocket divider pockets for ring binders,40.32,2026-03-25 18:27:01
"cardinal slant-d ring binder, heavy gauge vinyl",179.014,2026-03-25 18:27:01
cardinal slant-d ring binders,102.542,2026-03-25 18:27:01
"career cubicle clock, 8 1/4, black",194.68800000000002,2026-03-25 18:27:01
carina 42hx23 3/4w media storage unit,1635.796,2026-03-25 18:27:01
carina double wide media storage towers in natural & black,3028.652,2026-03-25 18:27:01
carina media storage towers in natural & black,1073.248,2026-03-25 18:27:01
"carina mini system audio rack, model ar050b",1731.288,2026-03-25 18:27:01
case logic 2.4ghz wireless keyboard,1229.754,2026-03-25 18:27:01
catalog binders with expanding posts,1089.936,2026-03-25 18:27:01
cherry 142-key programmable keyboard,479.72,2026-03-25 18:27:01
chromcraft 48 x 96 racetrack double pedestal table,5098.176,2026-03-25 18:27:01
chromcraft bull-nose wood 48 x 96 rectangular conference tables,4297.644,2026-03-25 18:27:01
chromcraft bull-nose wood oval conference tables & bases,9587.052,2026-03-25 18:27:01
"chromcraft bull-nose wood round conference table top, wood base",3354.89,2026-03-25 18:27:01
chromcraft rectangular conference tables,4952.673,2026-03-25 18:27:01
chromcraft round conference tables,8209.059,2026-03-25 18:27:01
cisco 8961 ip phone charcoal,224.937,2026-03-25 18:27:01
cisco 8x8 inc. 6753i ip business phone system,2645.804,2026-03-25 18:27:01
cisco 9971 ip video phone charcoal,4268.0,2026-03-25 18:27:01
cisco cp-7937g unified ip conference station phone,1391.4,2026-03-25 18:27:01
cisco desktop collaboration experience dx650 ip video phone,385.8,2026-03-25 18:27:01
cisco ip phone 7961g-ge voip phone,2252.4320000000002,2026-03-25 18:27:01
cisco ip phone 7961g voip phone - dark gray,1386.69,2026-03-25 18:27:01
cisco small business spa 502g voip phone,882.102,2026-03-25 18:27:01
cisco spa 501g ip phone,213.48,2026-03-25 18:27:01
cisco spa 502g ip phone,2063.14,2026-03-25 18:27:01
cisco spa112 2 port phone adapter,351.68,2026-03-25 18:27:01
cisco spa301,3930.9480000000003,2026-03-25 18:27:01
cisco spa508g,910.662,2026-03-25 18:27:01
cisco spa525g2 5-line ip phone,1379.92,2026-03-25 18:27:01
cisco spa525g2 ip phone - wireless,426.93,2026-03-25 18:27:01
cisco telepresence system ex90 videoconferencing unit,22638.48,2026-03-25 18:27:01
cisco unified ip phone 7945g voip phone,6751.602,2026-03-25 18:27:01
clarity 53712,752.2860000000001,2026-03-25 18:27:01
classic ivory antique telephone zl1810,341.666,2026-03-25 18:27:01
clear mylar reinforcing strips,377.538,2026-03-25 18:27:01
clearone chatattach 160 - speaker phone,6695.892,2026-03-25 18:27:01
clearone communications chat 70 oc speaker phone,1685.294,2026-03-25 18:27:01
clearsounds a400,488.326,2026-03-25 18:27:01
clearsounds csc500 amplified spirit phone corded phone,1119.84,2026-03-25 18:27:01
col-erase pencils with erasers,37.696,2026-03-25 18:27:01
color-coded legal exhibit labels,14.73,2026-03-25 18:27:01
colored envelopes,50.922,2026-03-25 18:27:01
colored push pins,24.978,2026-03-25 18:27:01
coloredge poster frame,298.2,2026-03-25 18:27:01
colorific watercolor pencils,51.6,2026-03-25 18:27:01
"commercial windtunnel clean air upright vacuum, replacement belts, filtration bags",50.57,2026-03-25 18:27:01
compact automatic electric letter opener,2982.75,2026-03-25 18:27:01
"companion letter/legal file, black",611.712,2026-03-25 18:27:01
computer printout index tabs,11.088000000000001,2026-03-25 18:27:01
computer printout paper with letter-trim fine perforations,191.6,2026-03-25 18:27:01
computer printout paper with letter-trim perforations,405.95799999999997,2026-03-25 18:27:01
"computer room manger, 14",636.6080000000001,2026-03-25 18:27:01
"conquest 14 commercial heavy-duty upright vacuum, collection system, accessory kit",546.816,2026-03-25 18:27:01
contemporary borderless frame,36.162,2026-03-25 18:27:01
contemporary wood/metal frame,193.92,2026-03-25 18:27:01
contico 72h heavy-duty storage system,598.308,2026-03-25 18:27:01
"contract clock, 14, brown",272.552,2026-03-25 18:27:01
convenience packs of business envelopes,58.644,2026-03-25 18:27:01
crate-a-files,176.58,2026-03-25 18:27:01
"crayola anti dust chalk, 12/pack",59.696,2026-03-25 18:27:01
crayola colored pencils,120.70400000000001,2026-03-25 18:27:01
cubify cubex 3d printer double head print,11099.963,2026-03-25 18:27:01
cubify cubex 3d printer triple head print,7999.98,2026-03-25 18:27:01
cush cases heavy duty rugged cover case for samsung galaxy s5 - purple,65.34,2026-03-25 18:27:01
cyber acoustics ac-202b speech recognition stereo headset,119.508,2026-03-25 18:27:01
"dana fluorescent magnifying lamp, white, 36",581.172,2026-03-25 18:27:01
dana halogen swing-arm architect lamp,1114.384,2026-03-25 18:27:01
dana swing-arm lamps,108.936,2026-03-25 18:27:01
"dataproducts ampli magnifier task lamp, black,",508.72800000000007,2026-03-25 18:27:01
dax black cherry wood-tone poster frame,455.456,2026-03-25 18:27:01
"dax charcoal/nickel-tone document frame, 5 x 7",127.032,2026-03-25 18:27:01
dax clear box frame,96.03,2026-03-25 18:27:01
dax clear channel poster frame,119.556,2026-03-25 18:27:01
"dax contemporary wood frame with silver metal mat, desktop, 11 x 14 size",291.45599999999996,2026-03-25 18:27:01
"dax copper panel document frame, 5 x 7 size",120.768,2026-03-25 18:27:01
dax cubicle frames - 8x10,125.786,2026-03-25 18:27:01
"dax cubicle frames, 8-1/2 x 11",145.69,2026-03-25 18:27:01
"dax executive solid wood document frame, desktop or hang, mahogany, 5 x 7",196.248,2026-03-25 18:27:01
"dax metal frame, desktop, stepped-edge",161.92,2026-03-25 18:27:01
dax natural wood-tone poster frame,513.712,2026-03-25 18:27:01
dax solid wood frames,113.332,2026-03-25 18:27:01
"dax two-tone rosewood/black document frame, desktop, 5 x 7",216.144,2026-03-25 18:27:01
dax two-tone silver metal document frame,234.784,2026-03-25 18:27:01
"dax value u-channel document frames, easel back",161.028,2026-03-25 18:27:01
dax wood document frame,477.804,2026-03-25 18:27:01
dax wood document frame.,159.268,2026-03-25 18:27:01
decoflex hanging personal folder file,46.26,2026-03-25 18:27:01
"decoflex hanging personal folder file, blue",518.112,2026-03-25 18:27:01
deflect-o duramat antistatic studded beveled mat for medium pile carpeting,1685.44,2026-03-25 18:27:01
"deflect-o duramat lighweight, studded, beveled mat for low pile carpeting",673.87,2026-03-25 18:27:01
"deflect-o economat nonstudded, no bevel mat",619.8,2026-03-25 18:27:01
"deflect-o economat studded, no bevel mat for low pile carpeting",1115.6399999999999,2026-03-25 18:27:01
deflect-o glass clear studded chair mats,1579.3719999999998,2026-03-25 18:27:01
deflect-o glasstique clear desk accessories,124.74,2026-03-25 18:27:01
"deflect-o rollamat studded, beveled mat for medium pile carpeting",1623.248,2026-03-25 18:27:01
"deflect-o supertray unbreakable stackable tray, letter, black",437.70000000000005,2026-03-25 18:27:01
dell slim usb multimedia keyboard,125.0,2026-03-25 18:27:01
deluxe chalkboard eraser cleaner,182.49,2026-03-25 18:27:01
deluxe heavy-duty vinyl round ring binder,504.24,2026-03-25 18:27:01
deluxe rollaway locking file with drawer,5572.792,2026-03-25 18:27:01
design ebony sketching pencil,13.622,2026-03-25 18:27:01
desktop 3-pocket hot file,259.68,2026-03-25 18:27:01
dexim xpower skin super-thin power case for iphone 5 - black,467.92,2026-03-25 18:27:01
digium d40 voip phone,3044.164,2026-03-25 18:27:01
disposable triple-filter dust bags,30.59,2026-03-25 18:27:01
"dixon my first ticonderoga pencil, #2",95.94,2026-03-25 18:27:01
dixon oriole pencils,44.891999999999996,2026-03-25 18:27:01
"dixon prang watercolor pencils, 10-color set with brush",110.76,2026-03-25 18:27:01
dixon ticonderoga core-lock colored pencils,229.572,2026-03-25 18:27:01
"dixon ticonderoga core-lock colored pencils, 48-color set",431.28999999999996,2026-03-25 18:27:01
dixon ticonderoga erasable checking pencils,94.86,2026-03-25 18:27:01
"dixon ticonderoga erasable colored pencil set, 12-color",75.348,2026-03-25 18:27:01
"dixon ticonderoga maple cedar pencil, #2",23.332,2026-03-25 18:27:01
dixon ticonderoga pencils,28.608,2026-03-25 18:27:01
dmi arturo collection mission-style design wood chair,4619.987999999999,2026-03-25 18:27:01
dmi eclipse executive suite bookcases,11046.609,2026-03-25 18:27:01
document clip frames,45.036,2026-03-25 18:27:01
"dot matrix printer tape reel labels, white, 5000/box",3322.878,2026-03-25 18:27:01
"dual level, single-width filing carts",5489.124,2026-03-25 18:27:01
durable pressboard binders,37.239999999999995,2026-03-25 18:27:01
dxl angle-view binders with locking rings by samsill,215.109,2026-03-25 18:27:01
"dxl angle-view binders with locking rings, black",124.592,2026-03-25 18:27:01
dymo cardscan personal v9 business card scanner,1343.9160000000002,2026-03-25 18:27:01
easy-staple paper,2414.156,2026-03-25 18:27:01
"eaton premium continuous-feed paper, 25% cotton, letter size, white, 1000 shts/box",1098.504,2026-03-25 18:27:01
eberhard faber 3 1/2 golf pencils,139.872,2026-03-25 18:27:01
economy #2 pencils,34.58,2026-03-25 18:27:01
economy binders,26.624000000000002,2026-03-25 18:27:01
economy rollaway files,3138.8,2026-03-25 18:27:01
ecotones memo sheets,52.8,2026-03-25 18:27:01
eldon 100 class desk accessories,36.396,2026-03-25 18:27:01
eldon 200 class desk accessories,120.576,2026-03-25 18:27:01
"eldon 200 class desk accessories, black",75.36,2026-03-25 18:27:01
"eldon 200 class desk accessories, burgundy",135.648,2026-03-25 18:27:01
"eldon 200 class desk accessories, smoke",138.16,2026-03-25 18:27:01
"eldon 300 class desk accessories, black",29.7,2026-03-25 18:27:01
"eldon 400 class desk accessories, black carbon",145.25,2026-03-25 18:27:01
eldon 500 class desk accessories,137.598,2026-03-25 18:27:01
eldon advantage chair mats for low to medium pile carpets,563.03,2026-03-25 18:27:01
eldon advantage foldable chair mats for low pile carpets,379.4,2026-03-25 18:27:01
eldon antistatic chair mats for low to medium pile carpets,1431.944,2026-03-25 18:27:01
"eldon base for stackable storage shelf, platinum",872.256,2026-03-25 18:27:01
eldon cleatmat chair mats for medium pile carpets,344.1,2026-03-25 18:27:01
eldon cleatmat plus chair mats for high pile carpets,1304.1280000000002,2026-03-25 18:27:01
eldon clustermat chair mat with cordless antistatic protection,1200.936,2026-03-25 18:27:01
"eldon delta triangular chair mat, 52 x 58, clear",546.192,2026-03-25 18:27:01
eldon econocleat chair mats for low pile carpets,124.41,2026-03-25 18:27:01
eldon executive woodline ii cherry finish desk accessories,98.13600000000001,2026-03-25 18:27:01
"eldon executive woodline ii desk accessories, mahogany",361.87199999999996,2026-03-25 18:27:01
"eldon expressions desk accessory, wood pencil holder, oak",108.08,2026-03-25 18:27:01
"eldon expressions desk accessory, wood photo frame, mahogany",167.552,2026-03-25 18:27:01
eldon expressions mahogany wood desk collection,93.6,2026-03-25 18:27:01
"eldon expressions punched metal & wood desk accessories, black & cherry",155.708,2026-03-25 18:27:01
"eldon expressions punched metal & wood desk accessories, pewter & cherry",121.296,2026-03-25 18:27:01
"eldon expressions wood and plastic desk accessories, cherry wood",160.54000000000002,2026-03-25 18:27:01
"eldon expressions wood and plastic desk accessories, oak",149.70000000000002,2026-03-25 18:27:01
"eldon expressions wood desk accessories, oak",175.644,2026-03-25 18:27:01
eldon file chest portable file,79.4,2026-03-25 18:27:01
eldon fold n roll cart system,301.96799999999996,2026-03-25 18:27:01
eldon gobal file keepers,348.22,2026-03-25 18:27:01
eldon image series black desk accessories,48.852,2026-03-25 18:27:01
"eldon image series desk accessories, burgundy",111.18799999999999,2026-03-25 18:27:01
"eldon image series desk accessories, ebony",180.31,2026-03-25 18:27:01
"eldon imàge series desk accessories, clear",53.46,2026-03-25 18:27:01
eldon l workstation diamond chairmat,1002.936,2026-03-25 18:27:01
eldon mobile mega data cart  mega stackable  add-on trays,709.5,2026-03-25 18:27:01
eldon pizzaz desk accessories,37.464,2026-03-25 18:27:01
eldon portable mobile manager,899.304,2026-03-25 18:27:01
eldon profile file n store portable file tub letter/legal size black,614.0579999999999,2026-03-25 18:27:01
eldon radial chair mat for low to medium pile carpets,775.6120000000001,2026-03-25 18:27:01
"eldon regeneration recycled desk accessories, black",39.688,2026-03-25 18:27:01
"eldon regeneration recycled desk accessories, smoke",33.756,2026-03-25 18:27:01
eldon shelf savers cubes and bins,300.14,2026-03-25 18:27:01
eldon simplefile box office,345.832,2026-03-25 18:27:01
"eldon spacemaker box, quick-snap lid, clear",50.768,2026-03-25 18:27:01
"eldon stackable tray, side-load, legal, smoke",155.38,2026-03-25 18:27:01
eldon wave desk accessories,266.73,2026-03-25 18:27:01
electrix 20w halogen replacement bulb for zoom-in desk lamp,155.44,2026-03-25 18:27:01
"electrix architects clamp-on swing arm lamp, black",2863.8,2026-03-25 18:27:01
electrix fluorescent magnifier lamps & weighted base,463.79600000000005,2026-03-25 18:27:01
electrix halogen magnifier lamp,2292.74,2026-03-25 18:27:01
"electrix incandescent magnifying lamp, black",117.28,2026-03-25 18:27:01
elite 5 scissors,179.14,2026-03-25 18:27:01
embossed ink jet note cards,284.382,2026-03-25 18:27:01
enermax acrylux wireless keyboard,2450.16,2026-03-25 18:27:01
enermax aurora lite keyboard,1641.1499999999999,2026-03-25 18:27:01
enermax briskie rf wireless keyboard and mouse combo,407.092,2026-03-25 18:27:01
epson perfection v600 photo scanner,206.991,2026-03-25 18:27:01
epson tm-t88v direct thermal printer - monochrome - desktop,1212.705,2026-03-25 18:27:01
"epson workforce wf-2530 all-in-one printer, copier scanner",279.96,2026-03-25 18:27:01
eureka disposable bags for sanitaire vibra groomer i upright vac,1.624,2026-03-25 18:27:01
"eureka hand vacuum, bagless",197.72,2026-03-25 18:27:01
"eureka recycled copy paper 8 1/2 x 11, ream",99.792,2026-03-25 18:27:01
eureka sanitaire  commercial upright,1524.5320000000002,2026-03-25 18:27:01
"eureka sanitaire  multi-pro heavy-duty upright, disposable bags",83.904,2026-03-25 18:27:01
eureka the boss cordless rechargeable stick vac,948.228,2026-03-25 18:27:01
"eureka the boss lite 10-amp upright vacuum, blue",1042.08,2026-03-25 18:27:01
"eureka the boss plus 12-amp hard box upright vacuum, red",1674.4,2026-03-25 18:27:01
euro pro shark stick mini vacuum,170.744,2026-03-25 18:27:01
euro-pro shark turbo vacuum,693.952,2026-03-25 18:27:01
executive impressions 10 spectator wall clock,258.72,2026-03-25 18:27:01
executive impressions 12 wall clock,176.7,2026-03-25 18:27:01
executive impressions 13 chairman wall clock,253.8,2026-03-25 18:27:01
executive impressions 13 clairmont wall clock,315.372,2026-03-25 18:27:01
executive impressions 13-1/2 indoor/outdoor wall clock,56.099999999999994,2026-03-25 18:27:01
executive impressions 14,377.90999999999997,2026-03-25 18:27:01
executive impressions 14 contract wall clock,346.788,2026-03-25 18:27:01
executive impressions 14 contract wall clock with quartz movement,97.812,2026-03-25 18:27:01
executive impressions 14 two-color numerals wall clock,308.99199999999996,2026-03-25 18:27:01
executive impressions 16-1/2 circular wall clock,58.784,2026-03-25 18:27:01
executive impressions 8-1/2 career panel/partition cubicle clock,66.56,2026-03-25 18:27:01
executive impressions supervisor wall clock,867.2599999999999,2026-03-25 18:27:01
faber castell col-erase pencils,37.164,2026-03-25 18:27:01
fashion color clasp envelopes,77.904,2026-03-25 18:27:01
fellowes 8 outlet superior workstation surge protector,759.1220000000001,2026-03-25 18:27:01
fellowes 8 outlet superior workstation surge protector w/o phone/fax/modem protection,665.6759999999999,2026-03-25 18:27:01
fellowes advanced 8 outlet surge suppressor with phone/fax protection,244.288,2026-03-25 18:27:01
fellowes advanced computer series surge protectors,386.75399999999996,2026-03-25 18:27:01
fellowes bankers box recycled super stor/drawer,1187.56,2026-03-25 18:27:01
fellowes bankers box staxonsteel drawer file/stacking system,2612.196,2026-03-25 18:27:01
fellowes bankers box stor/drawer steel plus,1426.308,2026-03-25 18:27:01
fellowes bases and tops for staxonsteel/high-stak systems,858.8820000000001,2026-03-25 18:27:01
fellowes basic home/office series surge protectors,436.12800000000004,2026-03-25 18:27:01
fellowes binding cases,271.44,2026-03-25 18:27:01
fellowes black plastic comb bindings,102.256,2026-03-25 18:27:01
fellowes command center 5-outlet power strip,664.832,2026-03-25 18:27:01
fellowes desktop hanging file manager,201.45000000000002,2026-03-25 18:27:01
fellowes econo/stor drawers,581.58,2026-03-25 18:27:01
fellowes high-stak drawer files,3946.656,2026-03-25 18:27:01
fellowes mighty 8 compact surge protector,344.59000000000003,2026-03-25 18:27:01
"fellowes mobile file cart, black",2300.66,2026-03-25 18:27:01
fellowes neat ideas storage cubes,480.70399999999995,2026-03-25 18:27:01
fellowes officeware wire shelving,4509.466,2026-03-25 18:27:01
fellowes pb200 plastic comb binding machine,3093.818,2026-03-25 18:27:01
fellowes pb300 plastic comb binding machine,8070.192,2026-03-25 18:27:01
fellowes pb500 electric punch plastic comb binding machine with manual bind,27453.384000000002,2026-03-25 18:27:01
"fellowes personal hanging folder files, navy",284.716,2026-03-25 18:27:01
fellowes powershred hs-440 4-sheet high security shredder,2541.8360000000002,2026-03-25 18:27:01
"fellowes premier superior surge suppressor, 10-outlet, with phone and remote",929.48,2026-03-25 18:27:01
fellowes presentation covers for comb binding machines,133.86,2026-03-25 18:27:01
fellowes recycled storage drawers,1287.9479999999999,2026-03-25 18:27:01
"fellowes smart surge ten-outlet protector, platinum",180.66,2026-03-25 18:27:01
fellowes staxonsteel drawer files,4829.25,2026-03-25 18:27:01
fellowes stor/drawer steel plus storage drawers,3397.308,2026-03-25 18:27:01
"fellowes strictly business drawer file, letter/legal size",4479.03,2026-03-25 18:27:01
fellowes super stor/drawer,477.3,2026-03-25 18:27:01
fellowes super stor/drawer files,3489.48,2026-03-25 18:27:01
fellowes superior 10 outlet split surge protector,867.768,2026-03-25 18:27:01
"fellowes twister kit, gray/clear, 3/pkg",142.308,2026-03-25 18:27:01
file shuttle i and handi-file,262.668,2026-03-25 18:27:01
"file shuttle ii and handi-file, black",1125.148,2026-03-25 18:27:01
first data fd10 pin pad,1722.2,2026-03-25 18:27:01
first data tmfd35 pin pad,571.2,2026-03-25 18:27:01
"fiskars 8 scissors, 2/pack",217.224,2026-03-25 18:27:01
fiskars home & office scissors,62.16,2026-03-25 18:27:01
fiskars softgrip scissors,307.44,2026-03-25 18:27:01
fiskars spring-action scissors,75.492,2026-03-25 18:27:01
flat face poster frame,546.36,2026-03-25 18:27:01
flexible leather- look classic collection ring binder,142.05,2026-03-25 18:27:01
"floodlight indoor halogen bulbs, 1 bulb per pack, 60 watts",434.56,2026-03-25 18:27:01
fluorescent highlighters by dixon,90.744,2026-03-25 18:27:01
g.e. halogen desk lamp bulbs,62.82,2026-03-25 18:27:01
g.e. longer-life indoor recessed floodlight bulbs,81.00800000000001,2026-03-25 18:27:01
gbc binding covers,137.26999999999998,2026-03-25 18:27:01
"gbc clear cover, 8-1/2 x 11, unpunched, 25 covers per pack",136.44,2026-03-25 18:27:01
gbc docubind 200 manual binding machine,4209.799999999999,2026-03-25 18:27:01
gbc docubind 300 electric binding machine,6785.142,2026-03-25 18:27:01
gbc docubind p100 manual binding machine,2954.444,2026-03-25 18:27:01
gbc docubind p400 electric binding system,17965.068,2026-03-25 18:27:01
gbc docubind p50 personal binding machine,2264.892,2026-03-25 18:27:01
gbc docubind tl200 manual binding machine,4322.814,2026-03-25 18:27:01
gbc docubind tl300 electric binding system,19823.479,2026-03-25 18:27:01
gbc durable plastic covers,323.145,2026-03-25 18:27:01
gbc ibimaster 500 manual proclick binding system,19024.5,2026-03-25 18:27:01
gbc imprintable covers,241.56,2026-03-25 18:27:01
gbc instant index system for binding systems,71.928,2026-03-25 18:27:01
gbc instant report kit,164.985,2026-03-25 18:27:01
"gbc laser imprintable binding system covers, desert sand",112.733,2026-03-25 18:27:01
gbc linen binding covers,207.566,2026-03-25 18:27:01
gbc personal velobind strips,128.186,2026-03-25 18:27:01
gbc plastic binding combs,172.692,2026-03-25 18:27:01
gbc plasticlear binding covers,68.88,2026-03-25 18:27:01
gbc poly designer binding covers,256.122,2026-03-25 18:27:01
"gbc pre-punched binding paper, plastic, white, 8-1/2 x 11",207.87,2026-03-25 18:27:01
gbc premium transparent covers with diagonal lined pattern,780.456,2026-03-25 18:27:01
"gbc prepunched paper, 19-hole, for binding systems, 24-lb",433.789,2026-03-25 18:27:01
gbc prestige therm-a-bind covers,970.973,2026-03-25 18:27:01
gbc proclick 150 presentation binding system,3222.996,2026-03-25 18:27:01
gbc proclick punch binding system,1573.908,2026-03-25 18:27:01
gbc proclick spines for 32-hole punch,66.40899999999999,2026-03-25 18:27:01
gbc recycled grain textured covers,466.29,2026-03-25 18:27:01
gbc recycled regency composition covers,1171.688,2026-03-25 18:27:01
gbc recycled velobinder covers,487.34400000000005,2026-03-25 18:27:01
gbc standard plastic binding systems combs,164.399,2026-03-25 18:27:01
"gbc standard recycled report covers, clear plastic sheets",258.72,2026-03-25 18:27:01
gbc standard therm-a-bind covers,443.576,2026-03-25 18:27:01
gbc therma-a-bind 250t electric binding system,1180.704,2026-03-25 18:27:01
gbc twin loop wire binding elements,1041.664,2026-03-25 18:27:01
"gbc twin loop wire binding elements, 9/16 spine, black",269.394,2026-03-25 18:27:01
gbc velobind cover sets,342.768,2026-03-25 18:27:01
"gbc velobind prepunched cover sets, regency series",514.0219999999999,2026-03-25 18:27:01
gbc velobinder electric binding machine,496.018,2026-03-25 18:27:01
gbc velobinder manual binding system,842.166,2026-03-25 18:27:01
gbc velobinder strips,52.992,2026-03-25 18:27:01
"gbc white gloss covers, plain front",269.328,2026-03-25 18:27:01
gbc wire binding combs,184.052,2026-03-25 18:27:01
gbc wire binding strips,212.65800000000002,2026-03-25 18:27:01
ge 2-jack phone line splitter,1771.5140000000001,2026-03-25 18:27:01
ge 30522ee2,1159.9,2026-03-25 18:27:01
ge 30524ee4,5291.7300000000005,2026-03-25 18:27:01
"ge 4 foot flourescent tube, 40 watt",98.868,2026-03-25 18:27:01
"ge 48 fluorescent tube, cool white energy saver, 34 watts, 30/box",2699.056,2026-03-25 18:27:01
ge dsl phone line filter,495.87600000000003,2026-03-25 18:27:01
"ge general purpose, extra long life, showcase & floodlight incandescent bulbs",45.396,2026-03-25 18:27:01
"ge general use halogen bulbs, 100 watts, 1 bulb per pack",138.204,2026-03-25 18:27:01
gear head au3700s headset,189.654,2026-03-25 18:27:01
geemarc amplipower60,3415.04,2026-03-25 18:27:01
"geographics note cards, blank, white, 8 1/2 x 11",76.092,2026-03-25 18:27:01
"global adaptabilites bookcase, cherry/storm gray finish",3447.84,2026-03-25 18:27:01
global adaptabilities conference tables,3540.348,2026-03-25 18:27:01
"global airflow leather mesh back chair, black",3472.54,2026-03-25 18:27:01
"global armless task chair, royal blue",1396.442,2026-03-25 18:27:01
global chrome stack chair,815.864,2026-03-25 18:27:01
global comet stacking arm chair,6084.144,2026-03-25 18:27:01
global comet stacking armless chair,2811.07,2026-03-25 18:27:01
global commerce series high-back swivel/tilt chairs,7979.4400000000005,2026-03-25 18:27:01
global commerce series low-back swivel/tilt chairs,4420.056,2026-03-25 18:27:01
global deluxe high-back managers chair,8665.194,2026-03-25 18:27:01
global deluxe high-back office chair in storm,1087.92,2026-03-25 18:27:01
global deluxe office fabric chairs,1420.504,2026-03-25 18:27:01
"global deluxe stacking chair, gray",764.7,2026-03-25 18:27:01
global deluxe steno chair,1770.54,2026-03-25 18:27:01
global enterprise series seating high-back swivel/tilt chairs,2032.35,2026-03-25 18:27:01
global enterprise series seating low-back swivel/tilt chairs,207.184,2026-03-25 18:27:01
global ergonomic managers chair,6008.536,2026-03-25 18:27:01
global executive mid-back managers chair,4626.582,2026-03-25 18:27:01
"global fabric managers chair, dark gray",2908.224,2026-03-25 18:27:01
"global geo office task chair, gray",1757.266,2026-03-25 18:27:01
"global high-back leather tilter, burgundy",5436.158,2026-03-25 18:27:01
global highback leather tilter in burgundy,2647.809,2026-03-25 18:27:01
global italian leather office chair,969.252,2026-03-25 18:27:01
"global leather & oak executive chair, burgundy",1327.832,2026-03-25 18:27:01
"global leather and oak executive chair, black",6410.874,2026-03-25 18:27:01
global leather executive chair,5861.532999999999,2026-03-25 18:27:01
"global leather highback executive chair with pneumatic height adjustment, black",5989.204,2026-03-25 18:27:01
"global leather task chair, black",1448.839,2026-03-25 18:27:01
global low back tilter chair,1746.9540000000002,2026-03-25 18:27:01
"global managers adjustable task chair, storm",2959.208,2026-03-25 18:27:01
"global push button managers chair, indigo",2185.951,2026-03-25 18:27:01
"global stack chair with arms, black",803.464,2026-03-25 18:27:01
"global stack chair without arms, black",901.506,2026-03-25 18:27:01
global super steno chair,2389.902,2026-03-25 18:27:01
"global task chair, black",463.099,2026-03-25 18:27:01
global troy executive leather low-back tilter,12975.382,2026-03-25 18:27:01
"global value mid-back managers chair, gray",1784.077,2026-03-25 18:27:01
"global value steno chair, gray",2204.862,2026-03-25 18:27:01
"global wood trimmed managers task chair, khaki",4166.884,2026-03-25 18:27:01
globe weis peel & seel first class envelopes,375.73199999999997,2026-03-25 18:27:01
google nexus 5,3815.788,2026-03-25 18:27:01
"gould plastics 18-pocket panel bin, 34w x 5-1/4d x 20-1/2h",2299.75,2026-03-25 18:27:01
"gould plastics 9-pocket panel bin, 18-3/8w x 5-1/4d x 20-1/2h, black",953.82,2026-03-25 18:27:01
grandstream gxp1160 voip phone,803.692,2026-03-25 18:27:01
grandstream gxp2100 mainstream business phone,596.6220000000001,2026-03-25 18:27:01
great white multi-use recycled paper (20lb. and 84 bright),169.832,2026-03-25 18:27:01
green bar computer printout paper,857.376,2026-03-25 18:27:01
green canvas binder for 8-1/2 x 14 sheets,569.24,2026-03-25 18:27:01
griffin gc17055 auxiliary audio cable,395.78,2026-03-25 18:27:01
griffin gc36547 powerjolt se lightning charger,175.422,2026-03-25 18:27:01
grip seal envelopes,7.072,2026-03-25 18:27:01
gueststacker chair with chrome finish legs,9070.944,2026-03-25 18:27:01
hammermill color copier paper (28lb. and 96 bright),29.97,2026-03-25 18:27:01
hammermill copyplus copy paper (20lb. and 84 bright),32.868,2026-03-25 18:27:01
hand-finished solid wood document frame,260.14799999999997,2026-03-25 18:27:01
hanging personal folder file,251.2,2026-03-25 18:27:01
harbour creations 67200 series stacking chairs,1501.8980000000001,2026-03-25 18:27:01
harbour creations steel folding chair,2389.125,2026-03-25 18:27:01
harmony air purifier,1946.7,2026-03-25 18:27:01
harmony hepa quiet air purifiers,128.7,2026-03-25 18:27:01
heavy-duty e-z-d binders,176.74200000000002,2026-03-25 18:27:01
hewlett packard 310 color digital copier,4199.86,2026-03-25 18:27:01
hewlett packard 610 color digital copier / printer,8899.822,2026-03-25 18:27:01
hewlett packard laserjet 3310 copier,18839.686,2026-03-25 18:27:01
hewlett-packard 300s scientific calculator,131.1,2026-03-25 18:27:01
hewlett-packard deskjet 3050a all-in-one color inkjet printer,3040.0,2026-03-25 18:27:01
hewlett-packard deskjet 5550 printer,597.132,2026-03-25 18:27:01
hewlett-packard deskjet 6540 color inkjet printer,1396.21,2026-03-25 18:27:01
hewlett-packard deskjet d4360 printer,447.968,2026-03-25 18:27:01
hewlett-packard deskjet f4180 all-in-one color ink-jet - printer / copier / scanner,101.994,2026-03-25 18:27:01
hewlett-packard desktjet 6988dt refurbished printer,3404.5,2026-03-25 18:27:01
high speed automatic electric letter opener,17030.311999999998,2026-03-25 18:27:01
high-back leather managers chair,4770.633,2026-03-25 18:27:01
holmes 99% hepa air purifier,333.564,2026-03-25 18:27:01
"holmes cool mist humidifier for the whole house with 8-gallon output per day, extended life filter",147.26,2026-03-25 18:27:01
holmes harmony hepa air purifier for 17 x 20 room,675.12,2026-03-25 18:27:01
holmes hepa air purifier,239.58,2026-03-25 18:27:01
holmes odor grabber,357.616,2026-03-25 18:27:01
"holmes replacement filter for hepa air cleaner, large room",151.062,2026-03-25 18:27:01
"holmes replacement filter for hepa air cleaner, medium room",203.94,2026-03-25 18:27:01
"holmes replacement filter for hepa air cleaner, very large room, hepa filter",1383.0810000000001,2026-03-25 18:27:01
"holmes visible mist ultrasonic humidifier with 2.3-gallon output per day, replacement filter",47.544000000000004,2026-03-25 18:27:01
home/office personal file carts,980.232,2026-03-25 18:27:01
hon 2090 pillow soft series mid back swivel/tilt chairs,5282.424,2026-03-25 18:27:01
hon 2111 invitation series corner table,3140.55,2026-03-25 18:27:01
hon 2111 invitation series straight table,2040.054,2026-03-25 18:27:01
hon 30 x 60 table with locking drawer,1296.028,2026-03-25 18:27:01
hon 4-shelf metal bookcases,1474.308,2026-03-25 18:27:01
hon 4060 series tables,1231.56,2026-03-25 18:27:01
hon 4070 series pagoda armless upholstered stacking chairs,8430.997,2026-03-25 18:27:01
hon 4070 series pagoda round back stacking chairs,3980.152,2026-03-25 18:27:01
hon 4700 series mobuis mid-back task chairs with adjustable arms,7582.374,2026-03-25 18:27:01
hon 5100 series wood tables,5965.09,2026-03-25 18:27:01
hon 5400 series task chairs for big and tall,21870.576,2026-03-25 18:27:01
hon 61000 series interactive training tables,582.033,2026-03-25 18:27:01
hon 94000 series round tables,7404.5,2026-03-25 18:27:01
hon comfortask task/swivel chairs,1686.904,2026-03-25 18:27:01
hon deluxe fabric upholstered stacking chairs,2586.1879999999996,2026-03-25 18:27:01
"hon deluxe fabric upholstered stacking chairs, rounded back",10637.528,2026-03-25 18:27:01
"hon deluxe fabric upholstered stacking chairs, squared back",1268.696,2026-03-25 18:27:01
hon every-day chair series swivel task chairs,967.84,2026-03-25 18:27:01
hon every-day series multi-task chairs,6748.482,2026-03-25 18:27:01
hon gueststacker chair,6936.102,2026-03-25 18:27:01
"hon metal bookcases, black",1570.0775999999998,2026-03-25 18:27:01
"hon metal bookcases, gray",851.76,2026-03-25 18:27:01
"hon metal bookcases, putty",1320.228,2026-03-25 18:27:01
hon mobius operators chair,2705.7799999999997,2026-03-25 18:27:01
hon multipurpose stacking arm chairs,6584.64,2026-03-25 18:27:01
hon non-folding utility tables,3775.647,2026-03-25 18:27:01
hon olson stacker chairs,5427.99,2026-03-25 18:27:01
hon olson stacker stools,5294.456,2026-03-25 18:27:01
hon pagoda stacking chairs,6483.796,2026-03-25 18:27:01
"hon practical foundations 30 x 60 training table, light gray/charcoal",4334.8275,2026-03-25 18:27:01
hon racetrack conference tables,3963.901,2026-03-25 18:27:01
hon rectangular conference tables,3481.515,2026-03-25 18:27:01
hon valutask swivel chairs,1242.054,2026-03-25 18:27:01
honeywell enviracaire portable air cleaner for up to 8 x 10 room,299.20799999999997,2026-03-25 18:27:01
honeywell enviracaire portable hepa air cleaner for 16 x 20 room,3855.1800000000003,2026-03-25 18:27:01
honeywell enviracaire portable hepa air cleaner for 17 x 22 room,8899.24,2026-03-25 18:27:01
honeywell enviracaire portable hepa air cleaner for up to 10 x 16 room,1320.166,2026-03-25 18:27:01
honeywell quietcare hepa air cleaner,1761.76,2026-03-25 18:27:01
hoover commercial lightweight upright vacuum,18.096,2026-03-25 18:27:01
hoover commercial lightweight upright vacuum with e-z empty dirt cup,1023.3520000000001,2026-03-25 18:27:01
hoover commercial soft guard upright vacuum and disposable filtration bags,91.68599999999999,2026-03-25 18:27:01
hoover commercial steamvac,168.392,2026-03-25 18:27:01
hoover portapower portable vacuum,61.824,2026-03-25 18:27:01
hoover replacement belt for commercial guardsman heavy-duty upright vacuum,9.768,2026-03-25 18:27:01
"hoover replacement belts for soft guard & commercial ltweight upright vacs, 2/pk",56.09,2026-03-25 18:27:01
hoover shoulder vac commercial portable vacuum,5009.48,2026-03-25 18:27:01
hoover upright vacuum with dirt cup,6832.908,2026-03-25 18:27:01
hoover windtunnel plus canister vacuum,3051.3,2026-03-25 18:27:01
"hot file 7-pocket, floor stand",8138.232,2026-03-25 18:27:01
howard miller 11-1/2 diameter brentwood wall clock,681.454,2026-03-25 18:27:01
howard miller 11-1/2 diameter grantwood wall clock,500.308,2026-03-25 18:27:01
howard miller 11-1/2 diameter ridgewood wall clock,1184.232,2026-03-25 18:27:01
howard miller 12 round wall clock,479.33799999999997,2026-03-25 18:27:01
howard miller 12-3/4 diameter accuwave ds  wall clock,786.9,2026-03-25 18:27:01
howard miller 13 diameter goldtone round wall clock,1042.068,2026-03-25 18:27:01
howard miller 13 diameter pewter finish round wall clock,764.332,2026-03-25 18:27:01
howard miller 13-1/2 diameter rosebrook wall clock,949.026,2026-03-25 18:27:01
howard miller 13-3/4 diameter brushed chrome round wall clock,1324.8,2026-03-25 18:27:01
howard miller 14-1/2 diameter chrome round wall clock,1636.864,2026-03-25 18:27:01
howard miller 16 diameter gallery wall clock,575.46,2026-03-25 18:27:01
howard miller distant time traveler alarm clock,531.948,2026-03-25 18:27:01
hp designjet t520 inkjet large format printer - 24 color,18374.895,2026-03-25 18:27:01
hp office paper (20lb. and 87 bright),86.84,2026-03-25 18:27:01
hp office recycled paper (20lb. and 87 bright),106.352,2026-03-25 18:27:01
"hp officejet pro 8600 e-all-in-one printer, copier, scanner, fax",449.97,2026-03-25 18:27:01
hp standard 104 key ps/2 keyboard,275.5,2026-03-25 18:27:01
htc one,1119.888,2026-03-25 18:27:01
htc one mini,2041.038,2026-03-25 18:27:01
"hunt boston model 1606 high-volume electric pencil sharpener, beige",1113.024,2026-03-25 18:27:01
hunt boston vacuum mount ks pencil sharpener,671.808,2026-03-25 18:27:01
"hunt boston vista battery-operated pencil sharpener, black",83.952,2026-03-25 18:27:01
"hunt powerhouse electric pencil sharpener, blue",1617.9479999999999,2026-03-25 18:27:01
hypercom p1300 pinpad,957.6,2026-03-25 18:27:01
i needs 3d hello kitty hybrid silicone case cover for htc one x 4g with 3d hello kitty stylus pen green/pink,542.984,2026-03-25 18:27:01
i.r.i.s iriscard anywhere 5 card scanner,350.973,2026-03-25 18:27:01
i.sound portable power - 8000 mah,413.322,2026-03-25 18:27:01
ibico covers for plastic or wire binding elements,184.0,2026-03-25 18:27:01
ibico eb-19 dual function manual binding system,3234.913,2026-03-25 18:27:01
ibico epk-21 electric binding system,15875.916000000001,2026-03-25 18:27:01
ibico hi-tech manual binding system,5398.323,2026-03-25 18:27:01
ibico ibimaster 300 manual binding system,7249.403,2026-03-25 18:27:01
ibico laser imprintable binding system covers,1100.4,2026-03-25 18:27:01
ibico plastic and wire spiral binding combs,208.221,2026-03-25 18:27:01
ibico plastic spiral binding combs,1100.48,2026-03-25 18:27:01
ibico presentation index for binding systems,72.038,2026-03-25 18:27:01
ibico recycled grain-textured covers,86.35,2026-03-25 18:27:01
ibico recycled linen-style covers,312.48,2026-03-25 18:27:01
ibico standard transparent covers,275.216,2026-03-25 18:27:01
"ibm multi-purpose copy paper, 8 1/2 x 11, case",458.504,2026-03-25 18:27:01
iceberg mobile mega data/printer cart,5751.774,2026-03-25 18:27:01
"iceberg nesting folding chair, 19w x 6d x 43h",1589.406,2026-03-25 18:27:01
iceberg officeworks 42 round tables,3457.442,2026-03-25 18:27:01
ideal clamps,58.69199999999999,2026-03-25 18:27:01
ihome fm clock radio with lightning dock,699.9,2026-03-25 18:27:01
"ikross bluetooth portable keyboard + cell phone stand holder + brush for apple iphone 5s 5c 5, 4s 4",477.66,2026-03-25 18:27:01
imation bio 2gb usb flash drive imation corp,2098.88,2026-03-25 18:27:01
imation bio 8gb usb flash drive imation corp,2659.84,2026-03-25 18:27:01
imation 16gb mini traveldrive usb 2.0 flash drive,1007.152,2026-03-25 18:27:01
imation 30456 usb flash drive 8gb,154.56,2026-03-25 18:27:01
imation 32gb pocket pro usb 3.0 flash drive - 32 gb - black - 1 p ...,467.21999999999997,2026-03-25 18:27:01
imation 8gb micro traveldrive usb 2.0 flash drive,357.0,2026-03-25 18:27:01
imation 8gb mini traveldrive usb 2.0 flash drive,350.20399999999995,2026-03-25 18:27:01
imation clip usb flash drive - 8 gb,443.68,2026-03-25 18:27:01
imation secure+ hardware encrypted usb 2.0 flash drive; 16gb,1926.9360000000001,2026-03-25 18:27:01
imation secure drive + hardware encrypted usb flash drive - 16 gb,888.966,2026-03-25 18:27:01
imation swivel flash drive usb flash drive - 8 gb,54.57599999999999,2026-03-25 18:27:01
imation usb 2.0 swivel flash drive usb flash drive - 4 gb - pink,30.3,2026-03-25 18:27:01
"important message pads, 50 4-1/4 x 5-1/2 forms per pad",54.599999999999994,2026-03-25 18:27:01
"ink jet note and greeting cards, 8-1/2 x 5-1/2 card size",121.392,2026-03-25 18:27:01
innergie mmini combo duo usb travel charging kit,746.834,2026-03-25 18:27:01
insertable tab indexes for data binders,17.49,2026-03-25 18:27:01
insertable tab post binder dividers,66.566,2026-03-25 18:27:01
"inter-office recycled envelopes, brown kraft, button-string,10 x 13 , 100/box",197.82,2026-03-25 18:27:01
invisibleshield by zagg smudge-free screen protector,442.554,2026-03-25 18:27:01
iottie hlcrio102 car mount,215.892,2026-03-25 18:27:01
iottie xl car mount,223.88799999999998,2026-03-25 18:27:01
"iris 3-drawer stacking bin, black",284.104,2026-03-25 18:27:01
iris project case,225.036,2026-03-25 18:27:01
"its hot message books with stickers, 2 3/4 x 5",131.72,2026-03-25 18:27:01
jabra biz 2300 duo qd duo corded headset,1727.0639999999999,2026-03-25 18:27:01
jabra speak 410,3158.064,2026-03-25 18:27:01
jabra speak 410 multidevice speakerphone,2018.702,2026-03-25 18:27:01
jabra supreme plus driver edition headset,2159.82,2026-03-25 18:27:01
jackery bar premium fast-charging portable charger,467.22,2026-03-25 18:27:01
jawbone jambox wireless bluetooth speaker,2022.272,2026-03-25 18:27:01
jawbone mini jambox wireless bluetooth speaker,2027.304,2026-03-25 18:27:01
jbl micro wireless portable bluetooth speaker,779.87,2026-03-25 18:27:01
jensen smps-640 - speaker phone,496.584,2026-03-25 18:27:01
jet-pak recycled peel n seal padded mailers,552.706,2026-03-25 18:27:01
jiffy padded mailers with self-seal closure,29.808,2026-03-25 18:27:01
jm magazine binder,204.72400000000002,2026-03-25 18:27:01
kensington 4 outlet masterpiece compact power control center,2488.392,2026-03-25 18:27:01
kensington 6 outlet guardian standard surge protector,409.6,2026-03-25 18:27:01
kensington 6 outlet masterpiece homeoffice power control center,812.1600000000001,2026-03-25 18:27:01
kensington 6 outlet smartsocket surge protector,147.528,2026-03-25 18:27:01
kensington 7 outlet masterpiece homeoffice power control center,2491.28,2026-03-25 18:27:01
kensington 7 outlet masterpiece power center,2883.276,2026-03-25 18:27:01
kensington 7 outlet masterpiece power center with fax/phone line protection,1473.108,2026-03-25 18:27:01
kensington expert mouse optical usb trackball for pc or mac,1690.8220000000001,2026-03-25 18:27:01
kensington k72356us mouse-in-a-box usb desktop mouse,321.846,2026-03-25 18:27:01
kensington orbit wireless mobile trackball for pc and mac,1511.748,2026-03-25 18:27:01
kensington slimblade notebook wireless mouse with nano receiver,549.89,2026-03-25 18:27:01
keytronic 6101 series - keyboard - black,360.712,2026-03-25 18:27:01
keytronic e03601u1 - keyboard - beige,306.0,2026-03-25 18:27:01
keytronic kt400u2 - keyboard - black,148.03199999999998,2026-03-25 18:27:01
keytronic kt800p2 - keyboard - black,75.1,2026-03-25 18:27:01
ki adjustable-height table,4466.661,2026-03-25 18:27:01
ki conference tables,2140.878,2026-03-25 18:27:01
kingston digital datatraveler 16gb usb 2.0,477.93,2026-03-25 18:27:01
kingston digital datatraveler 32gb usb 2.0,355.95,2026-03-25 18:27:01
kingston digital datatraveler 64gb usb 2.0,202.68,2026-03-25 18:27:01
kingston digital datatraveler 8gb usb 2.0,44.03,2026-03-25 18:27:01
kld oscar ii style snap-on ultra thin side flip synthetic leather cover case for htc one htc m7,126.36000000000001,2026-03-25 18:27:01
kleencut forged office shears by acme united corporation,9.568,2026-03-25 18:27:01
konftel 250 conference phone - charcoal black,2221.596,2026-03-25 18:27:01
konica minolta magicolor 1690mf multifunction printer,319.92,2026-03-25 18:27:01
laminate occasional tables,2096.168,2026-03-25 18:27:01
large capacity hanging post binders,276.945,2026-03-25 18:27:01
laser & ink jet business envelopes,198.462,2026-03-25 18:27:01
"leather task chair, black",864.3100000000001,2026-03-25 18:27:01
lenovo 17-key usb numeric keypad,367.092,2026-03-25 18:27:01
"lesro round back collection coffee table, end table",2847.7799999999997,2026-03-25 18:27:01
"lesro sheffield collection coffee table, end table, center table, corner table",2298.114,2026-03-25 18:27:01
letter or legal size expandable poly string tie envelopes,36.708,2026-03-25 18:27:01
letter size cart,4600.092,2026-03-25 18:27:01
letter size file,341.41999999999996,2026-03-25 18:27:01
letter slitter,10.08,2026-03-25 18:27:01
"letter/legal file tote with clear snap-on lid, black granite",218.416,2026-03-25 18:27:01
lexmark 20r1285 x6650 wireless all-in-one printer,600.0,2026-03-25 18:27:01
lexmark marknet n8150 wireless print server,723.51,2026-03-25 18:27:01
lexmark mx611dhe monochrome laser printer,16829.901,2026-03-25 18:27:01
lexmark s315 color inkjet printer,299.97,2026-03-25 18:27:01
lexmark x 9575 professional all-in-one color printer,396.0,2026-03-25 18:27:01
"lf elite 3d dazzle designer hard case cover, lf stylus pen and wiper for apple iphone 5c mini lite",261.6,2026-03-25 18:27:01
lg electronics tone+ hbs-730 bluetooth headset,499.88399999999996,2026-03-25 18:27:01
lg exalt,1154.326,2026-03-25 18:27:01
lg g2,1499.97,2026-03-25 18:27:01
lg g3,1803.108,2026-03-25 18:27:01
"lifetime advantage folding chairs, 4/carton",5212.112,2026-03-25 18:27:01
"linden 10 round wall clock, black",253.648,2026-03-25 18:27:01
linden 12 wall clock with oak frame,101.94,2026-03-25 18:27:01
lock-up easel spel-binder,704.691,2026-03-25 18:27:01
logitech 910-002974 m325 wireless mouse for web scrolling,1409.53,2026-03-25 18:27:01
"logitech b530 usb headset - headset - full size, binaural",739.8,2026-03-25 18:27:01
logitech clearchat comfort/usb headset h390,533.078,2026-03-25 18:27:01
logitech desktop mk120 mouse and keyboard combo,778.736,2026-03-25 18:27:01
logitech dinovo edge keyboard,7399.704,2026-03-25 18:27:01
logitech g105 gaming keyboard,759.936,2026-03-25 18:27:01
logitech g13 programmable gameboard with lcd display,1039.87,2026-03-25 18:27:01
logitech g19 programmable gaming keyboard,4389.246,2026-03-25 18:27:01
logitech g35 7.1-channel surround sound headset,2157.8340000000003,2026-03-25 18:27:01
logitech g430 surround sound gaming headset with dolby 7.1 technology,1167.854,2026-03-25 18:27:01
logitech g500s laser gaming mouse with adjustable weight tuning,1399.8,2026-03-25 18:27:01
logitech g600 mmo gaming mouse,1375.828,2026-03-25 18:27:01
logitech g602 wireless gaming mouse,1871.766,2026-03-25 18:27:01
logitech g700s rechargeable gaming mouse,2339.766,2026-03-25 18:27:01
logitech illuminated ultrathin keyboard with backlighting,170.97,2026-03-25 18:27:01
logitech k350 2.4ghz wireless keyboard,1154.664,2026-03-25 18:27:01
logitech keyboard k120,174.24,2026-03-25 18:27:01
logitech m510 wireless mouse,239.94,2026-03-25 18:27:01
logitech media keyboard k200,503.856,2026-03-25 18:27:01
logitech mobile speakerphone p710e - speaker phone,1916.716,2026-03-25 18:27:01
logitech trackman marble mouse,773.742,2026-03-25 18:27:01
logitech wireless anywhere mouse mx for pc and mac,551.908,2026-03-25 18:27:01
logitech wireless gaming headset g930,1983.8760000000002,2026-03-25 18:27:01
logitech wireless headset h600 over-the-head design,386.90999999999997,2026-03-25 18:27:01
logitech wireless headset h800,2799.72,2026-03-25 18:27:01
logitech wireless marathon mouse m705,1409.718,2026-03-25 18:27:01
logitech wireless performance mouse mx for pc and mac,1799.82,2026-03-25 18:27:01
logitech wireless touch keyboard k400,364.854,2026-03-25 18:27:01
logitech gaming g510s - keyboard,2362.7219999999998,2026-03-25 18:27:01
logitech illuminated - keyboard,1139.81,2026-03-25 18:27:01
logitech ls21 speaker system - pc multimedia - 2.1-ch - wired,207.896,2026-03-25 18:27:01
logitech mx performance wireless mouse,749.932,2026-03-25 18:27:01
logitech p710e mobile speakerphone,10196.604,2026-03-25 18:27:01
logitech vx revolution cordless laser mouse for notebooks (black),3743.7920000000004,2026-03-25 18:27:01
"logitech wireless boombox speaker - portable - wireless, wired",383.04,2026-03-25 18:27:01
logitech z-906 speaker sys - home theater - 5.1-ch,5609.83,2026-03-25 18:27:01
longer-life soft white bulbs,106.568,2026-03-25 18:27:01
loose memo sheets,18.25,2026-03-25 18:27:01
lumber crayons,171.39,2026-03-25 18:27:01
lunatik tt5l-002 taktik strike impact protection system for iphone 5,281.658,2026-03-25 18:27:01
luxo adjustable task clamp lamp,1545.816,2026-03-25 18:27:01
luxo economy swing arm lamp,338.98,2026-03-25 18:27:01
luxo professional combination clamp-on lamps,818.4,2026-03-25 18:27:01
luxo professional fluorescent magnifier lamp with clamp-mount base,3861.056,2026-03-25 18:27:01
luxo professional magnifying clamp-on fluorescent lamps,1268.922,2026-03-25 18:27:01
macally suction cup mount,279.63,2026-03-25 18:27:01
magna visual magnetic picture hangers,84.83200000000001,2026-03-25 18:27:01
magnifier swing arm lamp,251.76000000000002,2026-03-25 18:27:01
manco dry-lighter erasable highlighter,88.16,2026-03-25 18:27:01
"manila recycled extra-heavyweight clasp envelopes, 6 x 9",125.172,2026-03-25 18:27:01
martin yale chadless opener electric letter opener,16656.2,2026-03-25 18:27:01
martin-yale premier letter opener,236.99200000000002,2026-03-25 18:27:01
"master big foot doorstop, beige",152.064,2026-03-25 18:27:01
"master caster door stop, brown",176.784,2026-03-25 18:27:01
"master caster door stop, gray",47.752,2026-03-25 18:27:01
"master caster door stop, large brown",59.696,2026-03-25 18:27:01
"master caster door stop, large neon orange",154.336,2026-03-25 18:27:01
"master giant foot doorstop, safety yellow",83.49,2026-03-25 18:27:01
maxell 4.7gb dvd+r 5/pack,11.682,2026-03-25 18:27:01
maxell 4.7gb dvd+rw 3/pack,264.438,2026-03-25 18:27:01
maxell 4.7gb dvd-r,1231.692,2026-03-25 18:27:01
maxell 4.7gb dvd-r 5/pack,19.008,2026-03-25 18:27:01
maxell 4.7gb dvd-rw 3/pack,146.55599999999998,2026-03-25 18:27:01
"maxell 74 minute cd-r spindle, 50/pack",230.67,2026-03-25 18:27:01
"maxell 74 minute cdr, 10/pack",232.764,2026-03-25 18:27:01
maxell cd-r discs,15.76,2026-03-25 18:27:01
maxell dvd-ram discs,296.64,2026-03-25 18:27:01
"maxell pro 80 minute cd-r, 10/pack",220.248,2026-03-25 18:27:01
maxell ivdr ex 500gb cartridge,2755.4,2026-03-25 18:27:01
maxell lto ultrium - 800 gb,1002.0419999999999,2026-03-25 18:27:01
"mead 1st gear 2 zipper binder, asst. colors",54.474000000000004,2026-03-25 18:27:01
mediabridge sport armband iphone 5s,257.742,2026-03-25 18:27:01
"memo book, 100 message capacity, 5 3/8 x 11",76.836,2026-03-25 18:27:01
"memorex 25gb 6x branded blu-ray recordable disc, 15/pack",373.78,2026-03-25 18:27:01
"memorex 25gb 6x branded blu-ray recordable disc, 30/pack",472.86,2026-03-25 18:27:01
memorex froggy flash drive 4 gb,136.276,2026-03-25 18:27:01
memorex froggy flash drive 8 gb,411.8,2026-03-25 18:27:01
memorex micro travel drive 16 gb,556.452,2026-03-25 18:27:01
memorex micro travel drive 32 gb,379.70399999999995,2026-03-25 18:27:01
memorex micro travel drive 4 gb,103.88,2026-03-25 18:27:01
memorex micro travel drive 8 gb,299.0,2026-03-25 18:27:01
memorex mini travel drive 16 gb usb 2.0 flash drive,495.07,2026-03-25 18:27:01
memorex mini travel drive 32 gb usb 2.0 flash drive,280.0,2026-03-25 18:27:01
memorex mini travel drive 4 gb usb 2.0 flash drive,13.616,2026-03-25 18:27:01
memorex mini travel drive 64 gb usb 2.0 flash drive,507.36,2026-03-25 18:27:01
memorex mini travel drive 8 gb usb 2.0 flash drive,194.54399999999998,2026-03-25 18:27:01
"message book, phone, wirebound standard line memo, 2 3/4 x 5",119.21,2026-03-25 18:27:01
"message book, standard line while you were out, 5 1/2 x 4, 200 sets/book",51.36,2026-03-25 18:27:01
"message book, wirebound, four 5 1/2 x 4 forms/pg., 200 dupl. sets/book",152.144,2026-03-25 18:27:01
"metal folding chairs, beige, 4/carton",685.588,2026-03-25 18:27:01
micro innovations usb rf wireless keyboard with mouse,440.0,2026-03-25 18:27:01
micro innovations wireless classic keyboard with mouse,107.964,2026-03-25 18:27:01
micropad numeric keypads,291.85400000000004,2026-03-25 18:27:01
microsoft arc touch mouse,359.70000000000005,2026-03-25 18:27:01
microsoft natural ergonomic keyboard 4000,557.814,2026-03-25 18:27:01
microsoft natural keyboard elite,1497.0,2026-03-25 18:27:01
microsoft sculpt comfort mouse,1414.23,2026-03-25 18:27:01
microsoft wireless mobile mouse 4000,591.852,2026-03-25 18:27:01
"mini 13-1/2 capacity data binder rack, pearl",1465.7440000000001,2026-03-25 18:27:01
mitel 5320 ip phone voip phone,2116.688,2026-03-25 18:27:01
mitel mivoice 5330e ip phone,7699.72,2026-03-25 18:27:01
mobile personal file cube,449.664,2026-03-25 18:27:01
model l table or wall-mount pencil sharpener,402.976,2026-03-25 18:27:01
mophie juice pack helium for iphone,1583.8020000000001,2026-03-25 18:27:01
motorla hx550 universal bluetooth headset,419.23,2026-03-25 18:27:01
motorola droid maxx,2609.826,2026-03-25 18:27:01
motorola hk250 universal bluetooth headset,832.238,2026-03-25 18:27:01
motorola l703cm,4211.73,2026-03-25 18:27:01
motorola l804,607.068,2026-03-25 18:27:01
motorola moto x,1631.952,2026-03-25 18:27:01
"multi-use personal file cart and caster set, three stacking bins",368.45599999999996,2026-03-25 18:27:01
multicolor computer printout paper,1887.3,2026-03-25 18:27:01
multimedia mailers,325.86,2026-03-25 18:27:01
"neat ideas personal hanging folder files, black",276.658,2026-03-25 18:27:01
neatdesk desktop scanner & digital filing system,479.988,2026-03-25 18:27:01
netgear ac1750 dual band gigabit smart wifi router,2623.8360000000002,2026-03-25 18:27:01
netgear n750 dual band wi-fi gigabit router,1890.0,2026-03-25 18:27:01
netgear rangemax wnr1000 wireless router,59.976,2026-03-25 18:27:01
nettalk duo voip telephone service,1112.788,2026-03-25 18:27:01
newell 3-hole punched plastic slotted magazine holders for binders,51.184000000000005,2026-03-25 18:27:01
newell 307,19.292,2026-03-25 18:27:01
newell 308,8.4,2026-03-25 18:27:01
newell 309,196.35000000000002,2026-03-25 18:27:01
newell 31,94.99000000000001,2026-03-25 18:27:01
newell 310,38.72,2026-03-25 18:27:01
newell 311,61.438,2026-03-25 18:27:01
newell 312,234.768,2026-03-25 18:27:01
newell 313,28.208,2026-03-25 18:27:01
newell 314,118.296,2026-03-25 18:27:01
newell 315,145.912,2026-03-25 18:27:01
newell 316,46.944,2026-03-25 18:27:01
newell 317,79.96799999999999,2026-03-25 18:27:01
newell 318,61.716,2026-03-25 18:27:01
newell 319,511.872,2026-03-25 18:27:01
newell 32,47.232,2026-03-25 18:27:01
newell 320,81.32,2026-03-25 18:27:01
newell 321,65.6,2026-03-25 18:27:01
newell 322,30.576,2026-03-25 18:27:01
newell 323,21.168,2026-03-25 18:27:01
newell 324,228.69,2026-03-25 18:27:01
newell 325,128.03,2026-03-25 18:27:01
newell 326,36.608,2026-03-25 18:27:01
newell 327,39.78,2026-03-25 18:27:01
newell 328,75.92,2026-03-25 18:27:01
newell 329,24.272,2026-03-25 18:27:01
newell 33,47.988,2026-03-25 18:27:01
newell 330,59.800000000000004,2026-03-25 18:27:01
newell 331,75.306,2026-03-25 18:27:01
newell 332,67.032,2026-03-25 18:27:01
newell 333,86.73599999999999,2026-03-25 18:27:01
newell 334,531.712,2026-03-25 18:27:01
newell 335,34.56,2026-03-25 18:27:01
newell 336,68.48,2026-03-25 18:27:01
newell 337,10.496,2026-03-25 18:27:01
newell 338,23.52,2026-03-25 18:27:01
newell 339,26.688000000000002,2026-03-25 18:27:01
newell 34,460.288,2026-03-25 18:27:01
newell 340,25.92,2026-03-25 18:27:01
newell 341,96.72800000000001,2026-03-25 18:27:01
newell 342,9.84,2026-03-25 18:27:01
newell 343,65.268,2026-03-25 18:27:01
newell 344,41.144,2026-03-25 18:27:01
newell 345,476.16,2026-03-25 18:27:01
newell 346,25.344,2026-03-25 18:27:01
newell 347,127.54400000000001,2026-03-25 18:27:01
newell 348,65.6,2026-03-25 18:27:01
newell 349,42.64,2026-03-25 18:27:01
newell 35,93.152,2026-03-25 18:27:01
newell 350,62.32,2026-03-25 18:27:01
newell 351,82.656,2026-03-25 18:27:01
newell chalk holder,83.426,2026-03-25 18:27:01
nokia lumia 1020,1439.968,2026-03-25 18:27:01
nokia lumia 521 (t-mobile),515.828,2026-03-25 18:27:01
nokia lumia 925,1310.296,2026-03-25 18:27:01
nontoxic chalk,42.944,2026-03-25 18:27:01
nortel business series terminal t7208 digital phone,1000.728,2026-03-25 18:27:01
nortel meridian m3904 professional digital phone,4434.912,2026-03-25 18:27:01
nortel meridian m5316 digital phone,2744.87,2026-03-25 18:27:01
nortel networks t7316 e nt8 b27,1876.524,2026-03-25 18:27:01
novimex fabric task chair,1695.244,2026-03-25 18:27:01
novimex high-tech fabric mesh task chair,922.74,2026-03-25 18:27:01
novimex swivel fabric task chair,2385.484,2026-03-25 18:27:01
novimex turbo task chair,1341.5220000000002,2026-03-25 18:27:01
nu-dell executive frame,409.536,2026-03-25 18:27:01
nu-dell ez-mount plastic wall frames,19.7,2026-03-25 18:27:01
nu-dell float frame 11 x 14 1/2,170.62,2026-03-25 18:27:01
nu-dell leatherette frames,246.64800000000002,2026-03-25 18:27:01
nu-dell oak frame,151.656,2026-03-25 18:27:01
"office impressions end table, 20-1/2h x 24w x 20d",5801.816,2026-03-25 18:27:01
office impressions heavy duty welded shelving & multimedia storage drawers,3178.13,2026-03-25 18:27:01
office star - contemporary swivel chair with padded adjustable arms and flex back,3989.734,2026-03-25 18:27:01
office star - contemporary task swivel chair,1842.268,2026-03-25 18:27:01
"office star - contemporary task swivel chair with 2-way adjustable arms, plum",694.194,2026-03-25 18:27:01
"office star - contemporary task swivel chair with loop arms, charcoal",3680.538,2026-03-25 18:27:01
office star - ergonomic mid back chair with 2-way adjustable arms,2207.956,2026-03-25 18:27:01
office star - ergonomically designed knee chair,1311.876,2026-03-25 18:27:01
office star - mesh screen back chair with vinyl seat,2200.464,2026-03-25 18:27:01
office star - mid back dual function ergonomic high back chair with 2-way adjustable arms,4185.48,2026-03-25 18:27:01
office star - professional matrix back chair with 2-to-1 synchro tilt and mesh fabric seat,8774.5,2026-03-25 18:27:01
office star - task chair with contemporary loop arms,600.4680000000001,2026-03-25 18:27:01
office star flex back scooter chair with aluminum finish frame,1543.6170000000002,2026-03-25 18:27:01
office star flex back scooter chair with white frame,1775.68,2026-03-25 18:27:01
"oic #2 pencils, medium soft",30.832,2026-03-25 18:27:01
oic binder clips,128.164,2026-03-25 18:27:01
"oic binder clips, mini, 1/4 capacity, black",15.623999999999999,2026-03-25 18:27:01
oic bulk pack metal binder clips,92.136,2026-03-25 18:27:01
"oic colored binder clips, assorted sizes",139.62,2026-03-25 18:27:01
oic stacking trays,82.832,2026-03-25 18:27:01
oic thumb-tacks,12.996,2026-03-25 18:27:01
okidata b400 printer,1029.6,2026-03-25 18:27:01
okidata b401 printer,179.991,2026-03-25 18:27:01
okidata c331dn printer,3210.8,2026-03-25 18:27:01
okidata c610n printer,2011.9,2026-03-25 18:27:01
okidata mb491 multifunction printer,2844.2999999999997,2026-03-25 18:27:01
okidata mb760 printer,7834.4,2026-03-25 18:27:01
ooma telo voip home phone system,2015.8400000000001,2026-03-25 18:27:01
osullivan 2-door barrister bookcase in odessa pine,4886.46,2026-03-25 18:27:01
osullivan 2-shelf heavy-duty bookcases,723.842,2026-03-25 18:27:01
osullivan 3-shelf heavy-duty bookcases,1119.195,2026-03-25 18:27:01
osullivan 4-shelf bookcase in odessa pine,2740.197,2026-03-25 18:27:01
osullivan 5-shelf heavy-duty bookcases,540.804,2026-03-25 18:27:01
osullivan cherrywood estates traditional barrister bookcase,1072.344,2026-03-25 18:27:01
osullivan cherrywood estates traditional bookcase,424.90000000000003,2026-03-25 18:27:01
"osullivan elevations bookcase, cherry finish",1912.308,2026-03-25 18:27:01
osullivan living dimensions 2-shelf bookcases,2970.059,2026-03-25 18:27:01
osullivan living dimensions 3-shelf bookcases,2220.8289999999997,2026-03-25 18:27:01
osullivan living dimensions 5-shelf bookcases,3420.7704,2026-03-25 18:27:01
osullivan manor hill 2-door library in brianna oak,1646.9180000000001,2026-03-25 18:27:01
osullivan plantations 2-door library in landvery oak,2946.3668,2026-03-25 18:27:01
otterbox commuter series case - iphone 5 & 5s,285.87,2026-03-25 18:27:01
otterbox commuter series case - samsung galaxy s4,384.846,2026-03-25 18:27:01
otterbox defender series case - iphone 5c,133.128,2026-03-25 18:27:01
otterbox defender series case - samsung galaxy s4,689.77,2026-03-25 18:27:01
"padded folding chairs, black, 4/carton",1830.148,2026-03-25 18:27:01
panasonic business telephones kx-t7736,546.06,2026-03-25 18:27:01
panasonic kp-150 electric pencil sharpener,452.88,2026-03-25 18:27:01
panasonic kp-310 heavy-duty electric pencil sharpener,197.82,2026-03-25 18:27:01
panasonic kp-350bk electric pencil sharpener with auto stop,124.488,2026-03-25 18:27:01
panasonic kp-380bk classic electric pencil sharpener,705.208,2026-03-25 18:27:01
panasonic kp-4abk battery-operated pencil sharpener,234.24,2026-03-25 18:27:01
panasonic kx - ts880b telephone,247.32,2026-03-25 18:27:01
panasonic kx mb2061 multifunction printer,2396.4,2026-03-25 18:27:01
panasonic kx mc6040 color laser multifunction printer,1619.82,2026-03-25 18:27:01
panasonic kx t7731-b digital phone,459.95399999999995,2026-03-25 18:27:01
panasonic kx t7736-b digital phone,1259.58,2026-03-25 18:27:01
panasonic kx ts208w corded phone,1185.558,2026-03-25 18:27:01
panasonic kx ts3282b corded phone,590.328,2026-03-25 18:27:01
panasonic kx ts3282w corded phone,1665.804,2026-03-25 18:27:01
panasonic kx-tg6844b expandable digital cordless telephone,1135.028,2026-03-25 18:27:01
panasonic kx-tg9471b,4978.146000000001,2026-03-25 18:27:01
panasonic kx-tg9541b dect 6.0 digital 2-line expandable cordless phone with digital answering system,3059.7960000000003,2026-03-25 18:27:01
panasonic kx-ts550,846.216,2026-03-25 18:27:01
park ridge embossed executive business envelopes,62.28,2026-03-25 18:27:01
pastel pink envelopes,65.52,2026-03-25 18:27:01
payanywhere card reader,199.8,2026-03-25 18:27:01
peel & seel envelopes,62.856,2026-03-25 18:27:01
"peel & seel recycled catalog envelopes, brown",264.024,2026-03-25 18:27:01
peel & stick add-on corner pockets,38.016,2026-03-25 18:27:01
peel-off china markers,287.97,2026-03-25 18:27:01
pencil and crayon sharpener,29.346,2026-03-25 18:27:01
penpower worldcard pro card scanner,91.475,2026-03-25 18:27:01
"performers binder/pad holder, black",611.054,2026-03-25 18:27:01
"perixx periboard-512b, ergonomic split keyboard",419.88,2026-03-25 18:27:01
"perma stor-all hanging file box, 13 1/8w x 12 1/4d x 10 1/2h",180.596,2026-03-25 18:27:01
permanent self-adhesive file folder labels for typewriters by universal,44.37,2026-03-25 18:27:01
"permanent self-adhesive file folder labels for typewriters, 1 1/8 x 3 1/2, white",153.72,2026-03-25 18:27:01
personal creations ink jet cards and labels,321.44,2026-03-25 18:27:01
personal file boxes with fold-down carry handle,177.612,2026-03-25 18:27:01
"personal filing tote with lid, black/gray",459.096,2026-03-25 18:27:01
"personal folder holder, ebony",145.73000000000002,2026-03-25 18:27:01
petty cash envelope,231.856,2026-03-25 18:27:01
pizazz global quick file,353.29200000000003,2026-03-25 18:27:01
plantronics 81402,844.672,2026-03-25 18:27:01
plantronics audio 478 stereo usb headset,1619.676,2026-03-25 18:27:01
plantronics audio 995 wireless stereo headset,1913.13,2026-03-25 18:27:01
plantronics calisto p620-m usb wireless speakerphone system,2508.672,2026-03-25 18:27:01
plantronics cordless phone headset with in-line volume - m214c,908.7,2026-03-25 18:27:01
"plantronics cs 50-usb - headset - convertible, monaural",1332.702,2026-03-25 18:27:01
plantronics cs510 - over-the-head monaural wireless headset system,10822.36,2026-03-25 18:27:01
plantronics encore h101 dual earpieces headset,746.17,2026-03-25 18:27:01
plantronics hl10 handset lifter,2227.008,2026-03-25 18:27:01
plantronics mx500i earset,618.48,2026-03-25 18:27:01
plantronics s12 corded telephone headset system,2242.032,2026-03-25 18:27:01
plantronics savi w720 multi-device wireless headset system,9367.289999999999,2026-03-25 18:27:01
plantronics single ear headset,29.925,2026-03-25 18:27:01
plantronics voyager pro hd - bluetooth headset,1221.812,2026-03-25 18:27:01
plantronics voyager pro legend,1359.534,2026-03-25 18:27:01
plastic binding combs,269.67,2026-03-25 18:27:01
plastic stacking crates & casters,35.712,2026-03-25 18:27:01
plymouth boxed rubber bands by plymouth,77.244,2026-03-25 18:27:01
pny rapid usb car charger - black,9.588,2026-03-25 18:27:01
poly designer cover & back,451.962,2026-03-25 18:27:01
poly string tie envelopes,68.136,2026-03-25 18:27:01
polycom cx300 desktop phone usb voip phone,1679.8880000000001,2026-03-25 18:27:01
polycom cx600 ip phone voip phone,4619.2300000000005,2026-03-25 18:27:01
polycom soundpoint ip 450 voip phone,3839.62,2026-03-25 18:27:01
polycom soundpoint pro se-225 corded phone,1903.8400000000001,2026-03-25 18:27:01
polycom soundstation2 ex conference phone,3968.5099999999998,2026-03-25 18:27:01
polycom voicestation 500 conference phone,3657.38,2026-03-25 18:27:01
polycom vvx 310 voip phone,6227.654,2026-03-25 18:27:01
portable personal file box,224.66400000000002,2026-03-25 18:27:01
portfile personal file boxes,99.11999999999999,2026-03-25 18:27:01
"post-it important message note pad, neon colors, 50 sheets/pad",62.608000000000004,2026-03-25 18:27:01
powergen dual usb car charger,127.87200000000001,2026-03-25 18:27:01
prang colored pencils,90.55199999999999,2026-03-25 18:27:01
prang drawing pencil set,100.08,2026-03-25 18:27:01
prang dustless chalk sticks,38.976,2026-03-25 18:27:01
premier automatic letter opener,2836.366,2026-03-25 18:27:01
premier electric letter opener,2641.6079999999997,2026-03-25 18:27:01
"premier elliptical ring binder, black",508.348,2026-03-25 18:27:01
premium transparent presentation covers by gbc,753.182,2026-03-25 18:27:01
"premium transparent presentation covers, no pattern/clear, 8 1/2 x 11",698.04,2026-03-25 18:27:01
"premium writing pencils, soft, #2 by central association for the blind",81.652,2026-03-25 18:27:01
"pressboard covers with storage hooks, 9 1/2 x 11, light blue",102.619,2026-03-25 18:27:01
"pressboard data binder, crimson, 12 x 8 1/2",33.108000000000004,2026-03-25 18:27:01
pressboard data binders by wilson jones,99.324,2026-03-25 18:27:01
pressboard hanging data binders for unburst sheets,112.66799999999999,2026-03-25 18:27:01
presstex flexible ring binders,92.82,2026-03-25 18:27:01
prestige round ring binders,85.728,2026-03-25 18:27:01
prismacolor color pencil set,396.8,2026-03-25 18:27:01
project tote personal file,193.61399999999998,2026-03-25 18:27:01
puregear roll-on screen protector,571.7139999999999,2026-03-25 18:27:01
pyle pmp37led,3590.026,2026-03-25 18:27:01
pyle prt45 retro home telephone,201.568,2026-03-25 18:27:01
quality park security envelopes,240.764,2026-03-25 18:27:01
"quartet alpha white chalk, 12/pack",15.469999999999999,2026-03-25 18:27:01
"quartet omega colored chalk, 12/pack",80.592,2026-03-25 18:27:01
qvs usb car charger 2-port 2.1amp for ipod/iphone/ipad/ipad 2/ipad 3,79.22999999999999,2026-03-25 18:27:01
razer kraken 7.1 surround sound over ear usb gaming headset,2299.77,2026-03-25 18:27:01
razer kraken pro over ear pc and music headset,2159.73,2026-03-25 18:27:01
razer tiamat over ear 7.1 surround sound pc gaming headset,5119.744000000001,2026-03-25 18:27:01
rca h5401re1 dect 6.0 4-line cordless handset with caller id/call waiting,239.97,2026-03-25 18:27:01
rca visys 25423re1 corded phone,159.984,2026-03-25 18:27:01
rca visys 25425re1 corded phone,323.976,2026-03-25 18:27:01
rca visys 25825 wireless digital phone,727.944,2026-03-25 18:27:01
rca visys integrated pbx 8-line router,1085.238,2026-03-25 18:27:01
"recycled data-pak for archival bound computer printouts, 12-1/2 x 12-1/2 x 16",1620.156,2026-03-25 18:27:01
"recycled desk saver line while you were out book, 5 1/2 x 4",268.5,2026-03-25 18:27:01
recycled easel ring binders,308.844,2026-03-25 18:27:01
recycled eldon regeneration jumbo file,235.77599999999998,2026-03-25 18:27:01
"recycled interoffice envelopes with re-use-a-seal closure, 10 x 13",68.28,2026-03-25 18:27:01
"recycled interoffice envelopes with string and button closure, 10 x 13",235.102,2026-03-25 18:27:01
recycled premium regency composition covers,110.01599999999999,2026-03-25 18:27:01
recycled pressboard report cover with reinforced top hinge,69.768,2026-03-25 18:27:01
recycled steel personal file for hanging file folders,1053.032,2026-03-25 18:27:01
recycled steel personal file for standard file folders,939.9300000000001,2026-03-25 18:27:01
"redi-strip #10 envelopes, 4 1/8 x 9 1/2",93.22,2026-03-25 18:27:01
"rediform incoming/outgoing call register, 11 x 8 1/2, 100 messages",281.892,2026-03-25 18:27:01
"rediform s.o.s. 1-up phone message bk, 4-1/4x3-1/16 bk, 1 form/pg, 40 messages/bk, 3/pk",196.98000000000002,2026-03-25 18:27:01
rediform s.o.s. phone message books,19.92,2026-03-25 18:27:01
rediform voice mail log books,29.204,2026-03-25 18:27:01
"rediform wirebound phone memo message book, 11 x 5-3/4",110.01599999999999,2026-03-25 18:27:01
regeneration desk collection,35.904,2026-03-25 18:27:01
revere boxed rubber bands by revere,48.006,2026-03-25 18:27:01
ricoh - ink collector unit for gx3000 series printers,465.64500000000004,2026-03-25 18:27:01
riverleaf stik-withit designer note cubes,136.816,2026-03-25 18:27:01
"riverside furniture oval coffee table, oval end table, end table with drawer",4446.175,2026-03-25 18:27:01
riverside furniture stanwyck manor table series,917.9200000000001,2026-03-25 18:27:01
"riverside palais royal lawyers bookcase, royale cherry finish",15610.9656,2026-03-25 18:27:01
rogers deluxe file chest,443.99600000000004,2026-03-25 18:27:01
rogers handheld barrel pencil sharpener,75.62400000000001,2026-03-25 18:27:01
"rogers jumbo file, granite",277.03200000000004,2026-03-25 18:27:01
rogers profile extra capacity storage tub,518.9399999999999,2026-03-25 18:27:01
rosewill 107 normal keys usb wired standard keyboard,105.14399999999999,2026-03-25 18:27:01
round ring binders,29.952,2026-03-25 18:27:01
round specialty laser printer labels,421.008,2026-03-25 18:27:01
"rsvp cards & envelopes, blank white, 8-1/2 x 11, 24 cards/25 envelopes/set",53.848,2026-03-25 18:27:01
rubber band ball,58.344,2026-03-25 18:27:01
"rubbermaid clustermat chairmats, mat size- 66 x 60, lip 20 x 11 -90 degree angle",2064.228,2026-03-25 18:27:01
rush hierlooms collection 1 thick stackable bookcases,2487.759,2026-03-25 18:27:01
rush hierlooms collection rich wood bookcases,489.37919999999997,2026-03-25 18:27:01
sabrent 4-port usb 2.0 hub,96.418,2026-03-25 18:27:01
safco arco folding chair,11572.78,2026-03-25 18:27:01
safco boltless steel shelving,4704.696,2026-03-25 18:27:01
"safco chair connectors, 6/carton",881.192,2026-03-25 18:27:01
safco commercial shelving,483.704,2026-03-25 18:27:01
"safco commercial wire shelving, 72h",1445.2640000000001,2026-03-25 18:27:01
"safco commercial wire shelving, black",4199.456,2026-03-25 18:27:01
safco contoured stacking chairs,5697.76,2026-03-25 18:27:01
safco drafting table,638.8199999999999,2026-03-25 18:27:01
safco folding chair trolley,705.32,2026-03-25 18:27:01
safco industrial shelving,827.12,2026-03-25 18:27:01
safco industrial wire shelving,1363.058,2026-03-25 18:27:01
safco industrial wire shelving system,2511.0480000000002,2026-03-25 18:27:01
"safco mobile desk side file, wire frame",1240.04,2026-03-25 18:27:01
safco optional arm kit for workspace cribbage stacking chair,245.088,2026-03-25 18:27:01
"safco planmaster boards, 60w x 37-1/2d, white melamine",2979.004,2026-03-25 18:27:01
"safco planmaster heigh-adjustable drafting table base, 43w x 30d x 30-37h, black",3739.115,2026-03-25 18:27:01
safco steel mobile file cart,683.552,2026-03-25 18:27:01
"safco value mate series steel bookcases, baked enamel finish on steel, gray",858.858,2026-03-25 18:27:01
"safco value mate steel bookcase, baked enamel finish on steel, black",802.074,2026-03-25 18:27:01
"safco wire cube shelving system, for use as 4 or 5 14 cubes, black",406.784,2026-03-25 18:27:01
samsung convoy 3,688.138,2026-03-25 18:27:01
samsung galaxy mega 6.3,13943.668,2026-03-25 18:27:01
samsung galaxy note 2,4507.902,2026-03-25 18:27:01
samsung galaxy note 3,2155.902,2026-03-25 18:27:01
samsung galaxy s iii - 16gb - pebble blue (t-mobile),7139.796,2026-03-25 18:27:01
samsung galaxy s4,6134.701999999999,2026-03-25 18:27:01
samsung galaxy s4 active,3999.92,2026-03-25 18:27:01
samsung galaxy s4 mini,6109.87,2026-03-25 18:27:01
samsung hm1900 bluetooth headset,491.68,2026-03-25 18:27:01
samsung replacement eh64avfwe premium headset,104.5,2026-03-25 18:27:01
samsung rugby iii,1385.79,2026-03-25 18:27:01
sandisk cruzer 16 gb usb flash drive,107.912,2026-03-25 18:27:01
sandisk cruzer 32 gb usb flash drive,361.38,2026-03-25 18:27:01
sandisk cruzer 4 gb usb flash drive,25.96,2026-03-25 18:27:01
sandisk cruzer 64 gb usb flash drive,1184.032,2026-03-25 18:27:01
sandisk cruzer 8 gb usb flash drive,27.168,2026-03-25 18:27:01
sandisk ultra 16 gb microsdhc class 10 memory card,329.946,2026-03-25 18:27:01
sandisk ultra 32 gb microsdhc class 10 memory card,884.0,2026-03-25 18:27:01
sandisk ultra 64 gb microsdhc class 10 memory card,927.768,2026-03-25 18:27:01
sanford 52201 apsco electric pencil sharpener,565.3860000000001,2026-03-25 18:27:01
"sanford colorific colored pencils, 12/box",73.152,2026-03-25 18:27:01
"sanford colorific eraseable coloring pencils, 12 count",45.919999999999995,2026-03-25 18:27:01
"sanford colorific scented colored pencils, 12/pack",47.080000000000005,2026-03-25 18:27:01
"sanford earthwrite recycled pencils, medium soft, #2",29.4,2026-03-25 18:27:01
sanford liquid accent highlighters,149.632,2026-03-25 18:27:01
sanford liquid accent tank-style highlighters,14.2,2026-03-25 18:27:01
sanford major accent highlighters,209.56799999999998,2026-03-25 18:27:01
sanford pocket accent highlighters,11.2,2026-03-25 18:27:01
"sanford prismacolor professional thick lead art pencils, 36-color set",209.664,2026-03-25 18:27:01
"sanford uni-blazer view highlighters, chisel tip, yellow",30.799999999999997,2026-03-25 18:27:01
"sanitaire vibra groomer ir commercial upright vacuum, replacement belts",13.0,2026-03-25 18:27:01
sannysis cute owl design soft skin case cover for samsung galaxy s4,13.86,2026-03-25 18:27:01
sanyo 2.5 cubic foot mid-size office refrigerators,4476.96,2026-03-25 18:27:01
"sanyo counter height refrigerator with crisper, 3.6 cubic foot, stainless steel/black",5906.52,2026-03-25 18:27:01
satellite sectional post binders,1219.821,2026-03-25 18:27:01
sauder barrister bookcases,754.7336,2026-03-25 18:27:01
"sauder camden county barrister bookcase, planked cherry finish",1064.624,2026-03-25 18:27:01
"sauder camden county collection libraries, planked cherry finish",1909.8178,2026-03-25 18:27:01
sauder camden county collection library,1368.2620000000002,2026-03-25 18:27:01
sauder cornerstone collection library,322.192,2026-03-25 18:27:01
"sauder facets collection library, sky alder finish",1427.683,2026-03-25 18:27:01
"sauder facets collection locker/file cabinet, sky alder finish",1706.508,2026-03-25 18:27:01
"sauder forest hills library with doors, woodland oak finish",1014.174,2026-03-25 18:27:01
"sauder forest hills library, woodland oak finish",1875.034,2026-03-25 18:27:01
sauder inglewood library bookcases,2154.348,2026-03-25 18:27:01
"sauder mission library with doors, fruitwood finish",935.1972,2026-03-25 18:27:01
security-tint envelopes,163.496,2026-03-25 18:27:01
seidio bd2-hk3iph5-bk dilex case and holster combo for apple iphone 5/5s - black,272.88800000000003,2026-03-25 18:27:01
self-adhesive address labels for typewriters by universal,153.51,2026-03-25 18:27:01
self-adhesive address labels for typewriters with dispenser box,26.568,2026-03-25 18:27:01
self-adhesive removable labels,78.75,2026-03-25 18:27:01
self-adhesive ring binder labels,22.88,2026-03-25 18:27:01
sensible storage wiretech storage systems,2484.2999999999997,2026-03-25 18:27:01
serrated blade or curved handle hand letter openers,23.864,2026-03-25 18:27:01
seth thomas 12 clock w/ goldtone case,390.66,2026-03-25 18:27:01
seth thomas 13 1/2 wall clock,316.48400000000004,2026-03-25 18:27:01
seth thomas 14 day/date wall clock,421.50399999999996,2026-03-25 18:27:01
seth thomas 14 putty-colored wall clock,357.948,2026-03-25 18:27:01
seth thomas 16 steel case clock,441.72799999999995,2026-03-25 18:27:01
seth thomas 8 1/2 cubicle clock,210.912,2026-03-25 18:27:01
sharp 1540cs digital laser copier,4399.92,2026-03-25 18:27:01
sharp al-1530cs digital copier,6399.872,2026-03-25 18:27:01
shocksock galaxy s4 armband,63.510000000000005,2026-03-25 18:27:01
shoretel shorephone ip 230 voip phone,2906.628,2026-03-25 18:27:01
"simplifile personal file, black granite, 15w x 6-15/16d x 11-1/4h",347.31,2026-03-25 18:27:01
"situations contoured folding chairs, 4/set",3641.274,2026-03-25 18:27:01
"skilcraft telephone shoulder rest, 2 x 6.5 x 2.5, black",56.164,2026-03-25 18:27:01
"slimview poly binder, 3/8",117.58599999999998,2026-03-25 18:27:01
"smartstand mobile device holder, assorted colors",30.756,2026-03-25 18:27:01
smead adjustable mobile file trolley with lockable top,4778.766,2026-03-25 18:27:01
smead alpha-z color-coded name labels first letter starter set,62.25,2026-03-25 18:27:01
smead alpha-z color-coded second alphabetical labels and starter set,48.048,2026-03-25 18:27:01
"snap-a-way black print carbonless ruled speed letter, triplicate",1016.7919999999999,2026-03-25 18:27:01
"snap-a-way black print carbonless speed message, no reply area, duplicate",93.248,2026-03-25 18:27:01
socket bluetooth cordless hand scanner (chs),506.28,2026-03-25 18:27:01
sony 16gb class 10 micro sdhc r40 memory card,190.772,2026-03-25 18:27:01
sony 32gb class 10 micro sdhc r40 memory card,251.4,2026-03-25 18:27:01
sony 64gb class 10 micro sdhc r40 memory card,899.75,2026-03-25 18:27:01
sony 8gb class 10 micro sdhc r40 memory card,27.192,2026-03-25 18:27:01
sony micro vault click 16 gb usb 2.0 flash drive,1489.334,2026-03-25 18:27:01
sony micro vault click 4 gb usb 2.0 flash drive,250.92000000000002,2026-03-25 18:27:01
sony micro vault click 8 gb usb 2.0 flash drive,582.6759999999999,2026-03-25 18:27:01
"sortfiler multipurpose personal file organizer, black",483.414,2026-03-25 18:27:01
southworth 100% cotton the best paper,151.536,2026-03-25 18:27:01
"southworth 100% résumé paper, 24lb.",262.964,2026-03-25 18:27:01
southworth 25 perc cotton antique laid paper & envelopes,58.38,2026-03-25 18:27:01
southworth 25% cotton antique laid paper & envelopes,135.108,2026-03-25 18:27:01
southworth 25% cotton granite paper & envelopes,37.932,2026-03-25 18:27:01
southworth 25% cotton linen-finish paper & envelopes,166.704,2026-03-25 18:27:01
southworth 25% cotton premium laser paper and envelopes,527.472,2026-03-25 18:27:01
southworth parchment paper & envelopes,70.632,2026-03-25 18:27:01
southworth structures collection,72.8,2026-03-25 18:27:01
space solutions commercial steel shelving,1823.13,2026-03-25 18:27:01
space solutions hd industrial steel shelving.,3035.208,2026-03-25 18:27:01
space solutions industrial galvanized steel shelving.,520.0799999999999,2026-03-25 18:27:01
speck products candyshell flip case,188.946,2026-03-25 18:27:01
speediset carbonless redi-letter 7 x 8 1/2,160.83599999999998,2026-03-25 18:27:01
spigen samsung galaxy s5 case wallet,234.462,2026-03-25 18:27:01
spinevue locking slant-d ring binders by cardinal,110.59400000000001,2026-03-25 18:27:01
spiral phone message books with labels by adams,60.032,2026-03-25 18:27:01
square credit card reader,173.826,2026-03-25 18:27:01
"square credit card reader, 4 1/2 x 4 1/2 x 1, white",197.802,2026-03-25 18:27:01
"square ring data binders, rigid 75 pt. covers, 11 x 14-7/8",334.368,2026-03-25 18:27:01
stackable trays,65.296,2026-03-25 18:27:01
"stacking tray, side-loading, legal, smoke",46.592,2026-03-25 18:27:01
stacking trays by oic,72.708,2026-03-25 18:27:01
standard line while you were out hardbound telephone message book,211.00799999999998,2026-03-25 18:27:01
standard rollaway file with lock,6594.954,2026-03-25 18:27:01
stanley bostitch contemporary electric pencil sharpeners,275.076,2026-03-25 18:27:01
stanley contemporary battery pencil sharpeners,293.7,2026-03-25 18:27:01
staple envelope,1675.652,2026-03-25 18:27:01
staple holder,528.78,2026-03-25 18:27:01
staple magnet,254.132,2026-03-25 18:27:01
staple remover,263.088,2026-03-25 18:27:01
staple-based wall hangings,422.288,2026-03-25 18:27:01
staple-on labels,53.754000000000005,2026-03-25 18:27:01
staples,755.47,2026-03-25 18:27:01
staples in misc. colors,459.65999999999997,2026-03-25 18:27:01
star micronics tsp100 tsp143lan receipt printer,1035.8,2026-03-25 18:27:01
star micronics tsp800 tsp847iiu receipt printer,1286.85,2026-03-25 18:27:01
startech.com 10/100 vdsl2 ethernet extender kit,2330.65,2026-03-25 18:27:01
steel personal filing/posting tote,937.4639999999999,2026-03-25 18:27:01
sterilite officeware hinged file box,345.84000000000003,2026-03-25 18:27:01
sterilite show offs storage containers,78.144,2026-03-25 18:27:01
sterling rubber bands by alliance,19.782,2026-03-25 18:27:01
stiletto hand letter openers,136.32,2026-03-25 18:27:01
stockwell gold paper clips,8.096,2026-03-25 18:27:01
stockwell push pins,69.76,2026-03-25 18:27:01
storex dura pro binders,278.586,2026-03-25 18:27:01
storex duratech recycled plastic frosted binders,94.128,2026-03-25 18:27:01
storex flexible poly binders with double pockets,10.824,2026-03-25 18:27:01
"strathmore #10 envelopes, ultimate white",632.52,2026-03-25 18:27:01
strathmore photo frame cards,116.96000000000001,2026-03-25 18:27:01
strathmore photo mount cards,245.436,2026-03-25 18:27:01
"stride job 150 highlighters, chisel tip, assorted colors",17.94,2026-03-25 18:27:01
"stur-d-stor shelving, vertical 5-shelf: 72h x 36w x 18 1/2d",2552.54,2026-03-25 18:27:01
"super bands, 12/pack",33.480000000000004,2026-03-25 18:27:01
super decoflex portable personal file,179.76,2026-03-25 18:27:01
surelock post binders,653.984,2026-03-25 18:27:01
swingline sm12-08 microcut jam free shredder,2359.9410000000003,2026-03-25 18:27:01
"telephone message books with fax/mobile section, 4 1/4 x 6",51.120000000000005,2026-03-25 18:27:01
"telephone message books with fax/mobile section, 5 1/2 x 3 3/16",99.06,2026-03-25 18:27:01
telescoping adjustable floor lamp,143.928,2026-03-25 18:27:01
"tenex 46 x 60 computer anti-static chairmat, rectangular shaped",2267.972,2026-03-25 18:27:01
tenex antistatic computer chair mats,3317.0119999999997,2026-03-25 18:27:01
tenex b1-re series chair mats for low pile carpets,910.404,2026-03-25 18:27:01
"tenex carpeted, granite-look or clear contemporary contour shape chair mats",763.6679999999999,2026-03-25 18:27:01
"tenex chairmat w/ average lip, 45 x 53",2058.496,2026-03-25 18:27:01
tenex chairmats for use with carpeted floors,175.78,2026-03-25 18:27:01
tenex chairmats for use with hard floors,467.712,2026-03-25 18:27:01
"tenex contemporary contur chairmats for low and medium pile carpet, computer, 39 x 49",1010.7819999999999,2026-03-25 18:27:01
"tenex file box, personal filing tote with lid, black",338.118,2026-03-25 18:27:01
"tenex personal filing tote with secure closure lid, black/frost",279.18,2026-03-25 18:27:01
"tenex personal project file with scoop front design, black",436.752,2026-03-25 18:27:01
"tenex personal self-stacking standard file box, black/gray",229.976,2026-03-25 18:27:01
tenex the solids textured chair mats,1469.1599999999999,2026-03-25 18:27:01
"tenex traditional chairmats for hard floors, average lip, 36 x 48",180.46,2026-03-25 18:27:01
"tenex traditional chairmats for medium pile carpet, standard lip, 36 x 48",1322.17,2026-03-25 18:27:01
"tenex v2t-re standard weight series chair mat, 45 x 53, lip 25 x 12",468.46799999999996,2026-03-25 18:27:01
tennsco 16-compartment lockers with coat rack,7515.523999999999,2026-03-25 18:27:01
tennsco 6- and 18-compartment lockers,10076.46,2026-03-25 18:27:01
tennsco commercial shelving,374.256,2026-03-25 18:27:01
tennsco double-tier lockers,9630.856,2026-03-25 18:27:01
tennsco industrial shelving,1281.442,2026-03-25 18:27:01
"tennsco lockers, gray",402.816,2026-03-25 18:27:01
"tennsco lockers, sand",323.092,2026-03-25 18:27:01
tennsco regal shelving units,1764.534,2026-03-25 18:27:01
tennsco single-tier lockers,9158.296,2026-03-25 18:27:01
"tennsco snap-together open shelving units, starter sets and add-on units",6819.312,2026-03-25 18:27:01
"tennsco stur-d-stor boltless shelving, 5 shelves, 24 deep, sand",4384.044,2026-03-25 18:27:01
tensor brushed steel torchiere floor lamp,146.11399999999998,2026-03-25 18:27:01
tensor computer mounted lamp,491.37,2026-03-25 18:27:01
tensor hersey kiss styled floor lamp,93.52799999999999,2026-03-25 18:27:01
tensor track tree floor lamp,299.85,2026-03-25 18:27:01
texas instrument ti-15 fraction calculator,41.905,2026-03-25 18:27:01
texas instruments ti-34 scientific calculator,204.507,2026-03-25 18:27:01
things to do today pad,138.532,2026-03-25 18:27:01
things to do today spiral book,82.368,2026-03-25 18:27:01
"tops 4 x 6 fluorescent color memo sheets, 500 sheets per pack",102.49199999999999,2026-03-25 18:27:01
"tops carbonless receipt book, four 2-3/4 x 7-1/4 money receipts per page",406.464,2026-03-25 18:27:01
tops green bar computer printout paper,342.58,2026-03-25 18:27:01
"tops important message pads, canary, 4-1/4 x 5-1/2, 50 sheets per pad",70.19200000000001,2026-03-25 18:27:01
"tops money receipt book, consecutively numbered in red,",88.11,2026-03-25 18:27:01
"tops voice message log book, flash format",49.504,2026-03-25 18:27:01
tops white computer printout paper,684.74,2026-03-25 18:27:01
tops wirebound message log books,73.696,2026-03-25 18:27:01
toshiba ipt2010-sd ip telephone,3613.74,2026-03-25 18:27:01
translucent push pins by oic,24.552,2026-03-25 18:27:01
"trav-l-file heavy-duty shuttle ii, black",1193.818,2026-03-25 18:27:01
"trendnet 56k usb 2.0 phone, internet and fax modem",626.538,2026-03-25 18:27:01
trimflex flexible post binders,346.356,2026-03-25 18:27:01
tripp lite isotel 6 outlet surge protector with fax/modem protection,1243.788,2026-03-25 18:27:01
tripp lite isotel 8 ultra 8 outlet metal surge,823.2520000000001,2026-03-25 18:27:01
tripp lite tlp810net broadband surge for modem/fax,784.938,2026-03-25 18:27:01
tuf-vin binders,669.496,2026-03-25 18:27:01
tuff stuff recycled round ring binders,80.494,2026-03-25 18:27:01
turquoise lead holder with pocket clip,37.52,2026-03-25 18:27:01
"tyvek  top-opening peel & seel  envelopes, gray",610.98,2026-03-25 18:27:01
"tyvek  top-opening peel & seel envelopes, plain white",570.78,2026-03-25 18:27:01
"tyvek interoffice envelopes, 9 1/2 x 12 1/2, 100/box",939.092,2026-03-25 18:27:01
tyvek side-opening peel & seel expanding envelopes,1266.72,2026-03-25 18:27:01
ultra commercial grade dual valve door closer,63.824,2026-03-25 18:27:01
"ultra door kickplate, 8h x 34w",158.24,2026-03-25 18:27:01
ultra door pull handle,239.856,2026-03-25 18:27:01
ultra door push plate,149.264,2026-03-25 18:27:01
unikeep view case binders,28.851,2026-03-25 18:27:01
universal premium white copier/laser paper (20lb. and 87 bright),129.168,2026-03-25 18:27:01
"universal recycled hanging pressboard report binders, letter size",62.934,2026-03-25 18:27:01
"universal ultra bright white copier/laser paper, 8 1/2 x 11, ream",15.552,2026-03-25 18:27:01
unpadded memo slips,18.308,2026-03-25 18:27:01
v7 usb numeric keypad,461.868,2026-03-25 18:27:01
varicap6 expandable binder,122.83,2026-03-25 18:27:01
"verbatim 25 gb 6x blu-ray single layer recordable disc, 1/pack",83.44,2026-03-25 18:27:01
"verbatim 25 gb 6x blu-ray single layer recordable disc, 10/pack",150.67000000000002,2026-03-25 18:27:01
"verbatim 25 gb 6x blu-ray single layer recordable disc, 25/pack",248.292,2026-03-25 18:27:01
"verbatim 25 gb 6x blu-ray single layer recordable disc, 3/pack",184.536,2026-03-25 18:27:01
"verbatim slim cd and dvd storage cases, 50/pack",80.78,2026-03-25 18:27:01
"vinyl coated wire paper clips in organizer box, 800/box",296.184,2026-03-25 18:27:01
vinyl sectional post binders,810.5500000000001,2026-03-25 18:27:01
"vtech at&t cl2940 corded speakerphone, black",71.976,2026-03-25 18:27:01
vtech cs6719,2630.126,2026-03-25 18:27:01
vtech ds6151,2746.582,2026-03-25 18:27:01
wasp ccd handheld bar code reader,336.51,2026-03-25 18:27:01
wausau papers astrobrights colored envelopes,50.232,2026-03-25 18:27:01
wd my passport ultra 1tb portable external hard drive,1007.4,2026-03-25 18:27:01
wd my passport ultra 2tb portable external hard drive,3998.4,2026-03-25 18:27:01
wd my passport ultra 500gb portable external hard drive,708.0,2026-03-25 18:27:01
westinghouse clip-on gooseneck lamps,279.558,2026-03-25 18:27:01
"westinghouse floor lamp with metal mesh shade, black",167.93,2026-03-25 18:27:01
"westinghouse mesh shade clip-on gooseneck lamp, black",84.84,2026-03-25 18:27:01
weyerhaeuser first choice laser/copy paper (20lb. and 88 bright),155.51999999999998,2026-03-25 18:27:01
"while you were out message book, one form per page",25.228,2026-03-25 18:27:01
"while you were out pads, 50 per pad, 4 x 5 1/4, green cycle",50.138000000000005,2026-03-25 18:27:01
"white business envelopes with contemporary seam, recycled white business envelopes",336.952,2026-03-25 18:27:01
white computer printout paper by universal,1279.08,2026-03-25 18:27:01
"white dual perf computer printout paper, 2700 sheets, 1 part, heavyweight, 20 lbs., 14 7/8 x 11",909.9780000000001,2026-03-25 18:27:01
"white envelopes, white envelopes with clear poly window",320.25,2026-03-25 18:27:01
white gluetop scratch pads,186.49599999999998,2026-03-25 18:27:01
wi-ex zboost yx540 cellular phone signal booster,2481.15,2026-03-25 18:27:01
wilson electronics db pro signal booster,8878.4,2026-03-25 18:27:01
wilson jones 1 hanging dubllock ring binders,115.632,2026-03-25 18:27:01
wilson jones 14 line acrylic coated pressboard data binders,100.392,2026-03-25 18:27:01
wilson jones active use binders,115.024,2026-03-25 18:27:01
wilson jones century plastic molded ring binders,533.789,2026-03-25 18:27:01
"wilson jones clip & carry folder binder tool for ring binders, clear",183.28,2026-03-25 18:27:01
wilson jones custom binder spines & labels,41.344,2026-03-25 18:27:01
wilson jones data.warehouse d-ring binders with dubllock,66.663,2026-03-25 18:27:01
wilson jones dubllock d-ring binders,35.775,2026-03-25 18:27:01
wilson jones easy flow ii sheet lifters,51.480000000000004,2026-03-25 18:27:01
"wilson jones elliptical ring 3 1/2 capacity binders, 800 sheets",834.6,2026-03-25 18:27:01
wilson jones four-pocket poly binders,62.13,2026-03-25 18:27:01
wilson jones hanging recycled pressboard data binders,32.647999999999996,2026-03-25 18:27:01
"wilson jones hanging view binder, white, 1",143.42,2026-03-25 18:27:01
wilson jones heavy-duty casebound ring binders with metal hinges,554.24,2026-03-25 18:27:01
wilson jones impact binders,134.68,2026-03-25 18:27:01
wilson jones international size a4 ring binders,174.73000000000002,2026-03-25 18:27:01
wilson jones leather-like binders with dubllock round rings,238.329,2026-03-25 18:27:01
"wilson jones ledger-size, piano-hinge binder, 2, blue",1200.714,2026-03-25 18:27:01
wilson jones legal size ring binders,532.158,2026-03-25 18:27:01
wilson jones standard d-ring binders,96.646,2026-03-25 18:27:01
wilson jones suede grain vinyl binders,16.402,2026-03-25 18:27:01
wilson jones turn tabs binder tool for ring binders,200.512,2026-03-25 18:27:01
wilson jones snap scratch pad binder tool for ring binders,100.92,2026-03-25 18:27:01
wilson signalboost 841262 db pro amplifier kit,5327.26,2026-03-25 18:27:01
"wirebound four 2-3/4 x 5 forms per page, 400 sets per book",119.97,2026-03-25 18:27:01
"wirebound message book, 4 per page",184.62,2026-03-25 18:27:01
"wirebound message books, 2 7/8 x 5, 3 forms per page",108.416,2026-03-25 18:27:01
"wirebound message books, 5-1/2 x 4 forms, 2 or 4 forms per page",72.25200000000001,2026-03-25 18:27:01
"wirebound message books, four 2 3/4 x 5 forms per page, 200 sets per book",115.434,2026-03-25 18:27:01
"wirebound message books, four 2 3/4 x 5 forms per page, 600 sets per book",200.232,2026-03-25 18:27:01
"wirebound message books, four 2 3/4 x 5 white forms per page",218.094,2026-03-25 18:27:01
"wirebound message books, two 4 1/4 x 5 forms per page",109.584,2026-03-25 18:27:01
"wirebound message forms, four 2 3/4 x 5 forms per page, pink paper",35.948,2026-03-25 18:27:01
"wirebound service call books, 5 1/2 x 4",125.84,2026-03-25 18:27:01
wirebound voice message log book,15.232,2026-03-25 18:27:01
wireless extenders zboost yx545 soho signal booster,4044.3860000000004,2026-03-25 18:27:01
woodgrain magazine files by perma,69.136,2026-03-25 18:27:01
x-rack file for hanging folders,318.378,2026-03-25 18:27:01
xblue xb-1670-86 x16 small office telephone - titanium,604.752,2026-03-25 18:27:01
xerox 188,201.852,2026-03-25 18:27:01
xerox 1880,623.744,2026-03-25 18:27:01
xerox 1881,454.36,2026-03-25 18:27:01
xerox 1882,391.85999999999996,2026-03-25 18:27:01
xerox 1883,881.092,2026-03-25 18:27:01
xerox 1884,543.456,2026-03-25 18:27:01
xerox 1885,960.8,2026-03-25 18:27:01
xerox 1886,651.4399999999999,2026-03-25 18:27:01
xerox 1887,417.34,2026-03-25 18:27:01
xerox 1888,1231.656,2026-03-25 18:27:01
xerox 1889,516.624,2026-03-25 18:27:01
xerox 189,1782.4499999999998,2026-03-25 18:27:01
xerox 1890,244.7,2026-03-25 18:27:01
xerox 1891,1320.57,2026-03-25 18:27:01
xerox 1892,116.28,2026-03-25 18:27:01
xerox 1893,1434.65,2026-03-25 18:27:01
xerox 1894,169.776,2026-03-25 18:27:01
xerox 1895,191.36,2026-03-25 18:27:01
xerox 1896,49.95,2026-03-25 18:27:01
xerox 1897,67.72800000000001,2026-03-25 18:27:01
xerox 1898,280.56,2026-03-25 18:27:01
xerox 1899,69.36,2026-03-25 18:27:01
xerox 19,415.132,2026-03-25 18:27:01
xerox 190,29.88,2026-03-25 18:27:01
xerox 1900,75.328,2026-03-25 18:27:01
xerox 1901,16.896,2026-03-25 18:27:01
xerox 1902,82.22399999999999,2026-03-25 18:27:01
xerox 1903,138.736,2026-03-25 18:27:01
xerox 1905,146.448,2026-03-25 18:27:01
xerox 1906,1098.6399999999999,2026-03-25 18:27:01
xerox 1907,98.24,2026-03-25 18:27:01
xerox 1908,1712.988,2026-03-25 18:27:01
xerox 1909,970.784,2026-03-25 18:27:01
xerox 191,767.232,2026-03-25 18:27:01
xerox 1910,586.088,2026-03-25 18:27:01
xerox 1911,603.54,2026-03-25 18:27:01
xerox 1912,201.082,2026-03-25 18:27:01
xerox 1913,865.4879999999999,2026-03-25 18:27:01
xerox 1914,956.3040000000001,2026-03-25 18:27:01
xerox 1915,2579.31,2026-03-25 18:27:01
xerox 1916,831.98,2026-03-25 18:27:01
xerox 1917,1222.75,2026-03-25 18:27:01
xerox 1918,155.04,2026-03-25 18:27:01
xerox 1919,1500.234,2026-03-25 18:27:01
xerox 192,142.56,2026-03-25 18:27:01
xerox 1920,89.7,2026-03-25 18:27:01
xerox 1921,55.944,2026-03-25 18:27:01
xerox 1922,11.952,2026-03-25 18:27:01
xerox 1923,94.856,2026-03-25 18:27:01
xerox 1924,60.112,2026-03-25 18:27:01
xerox 1925,396.544,2026-03-25 18:27:01
xerox 1926,34.86,2026-03-25 18:27:01
xerox 1927,65.056,2026-03-25 18:27:01
xerox 1928,124.608,2026-03-25 18:27:01
xerox 1929,351.736,2026-03-25 18:27:01
xerox 193,77.74000000000001,2026-03-25 18:27:01
xerox 1930,138.672,2026-03-25 18:27:01
xerox 1931,209.952,2026-03-25 18:27:01
xerox 1932,85.056,2026-03-25 18:27:01
xerox 1933,294.72,2026-03-25 18:27:01
xerox 1934,1097.2079999999999,2026-03-25 18:27:01
xerox 1935,538.152,2026-03-25 18:27:01
xerox 1936,155.844,2026-03-25 18:27:01
xerox 1937,499.616,2026-03-25 18:27:01
xerox 1938,268.24,2026-03-25 18:27:01
xerox 1939,417.34,2026-03-25 18:27:01
xerox 194,443.84000000000003,2026-03-25 18:27:01
xerox 1940,615.552,2026-03-25 18:27:01
xerox 1941,1740.51,2026-03-25 18:27:01
xerox 1942,597.068,2026-03-25 18:27:01
xerox 1943,743.432,2026-03-25 18:27:01
xerox 1944,573.648,2026-03-25 18:27:01
xerox 1945,1492.036,2026-03-25 18:27:01
xerox 1946,79.056,2026-03-25 18:27:01
xerox 1947,136.344,2026-03-25 18:27:01
xerox 1948,149.85000000000002,2026-03-25 18:27:01
xerox 1949,110.55600000000001,2026-03-25 18:27:01
xerox 195,164.328,2026-03-25 18:27:01
xerox 1950,49.708,2026-03-25 18:27:01
xerox 1951,582.424,2026-03-25 18:27:01
xerox 1952,87.648,2026-03-25 18:27:01
xerox 1953,47.08,2026-03-25 18:27:01
xerox 1954,84.48,2026-03-25 18:27:01
xerox 1955,182.72,2026-03-25 18:27:01
xerox 1956,89.7,2026-03-25 18:27:01
xerox 1957,95.904,2026-03-25 18:27:01
xerox 1958,32.400000000000006,2026-03-25 18:27:01
xerox 1959,133.6,2026-03-25 18:27:01
xerox 196,92.47999999999999,2026-03-25 18:27:01
xerox 1960,879.832,2026-03-25 18:27:01
xerox 1962,109.568,2026-03-25 18:27:01
xerox 1963,34.848,2026-03-25 18:27:01
xerox 1964,721.7439999999999,2026-03-25 18:27:01
xerox 1965,56.212,2026-03-25 18:27:01
xerox 1966,79.056,2026-03-25 18:27:01
xerox 1967,89.424,2026-03-25 18:27:01
xerox 1968,165.664,2026-03-25 18:27:01
xerox 1969,11.56,2026-03-25 18:27:01
xerox 197,501.87600000000003,2026-03-25 18:27:01
xerox 1970,101.592,2026-03-25 18:27:01
xerox 1971,110.424,2026-03-25 18:27:01
xerox 1972,46.464,2026-03-25 18:27:01
xerox 1973,169.01600000000002,2026-03-25 18:27:01
xerox 1974,57.408,2026-03-25 18:27:01
xerox 1975,69.98400000000001,2026-03-25 18:27:01
xerox 1976,36.288,2026-03-25 18:27:01
xerox 1977,117.568,2026-03-25 18:27:01
xerox 1978,174.556,2026-03-25 18:27:01
xerox 1979,328.38800000000003,2026-03-25 18:27:01
xerox 198,75.696,2026-03-25 18:27:01
xerox 1980,34.24,2026-03-25 18:27:01
xerox 1981,70.752,2026-03-25 18:27:01
xerox 1982,237.536,2026-03-25 18:27:01
xerox 1983,29.900000000000002,2026-03-25 18:27:01
xerox 1984,12.96,2026-03-25 18:27:01
xerox 1985,25.92,2026-03-25 18:27:01
xerox 1986,85.50399999999999,2026-03-25 18:27:01
xerox 1987,92.48,2026-03-25 18:27:01
xerox 1988,1102.888,2026-03-25 18:27:01
xerox 1989,7.968,2026-03-25 18:27:01
xerox 199,57.352,2026-03-25 18:27:01
xerox 1990,36.96,2026-03-25 18:27:01
xerox 1991,575.568,2026-03-25 18:27:01
xerox 1992,86.11200000000001,2026-03-25 18:27:01
xerox 1993,147.744,2026-03-25 18:27:01
xerox 1994,76.464,2026-03-25 18:27:01
xerox 1995,95.904,2026-03-25 18:27:01
xerox 1996,176.256,2026-03-25 18:27:01
xerox 1997,165.888,2026-03-25 18:27:01
xerox 1998,46.656,2026-03-25 18:27:01
xerox 1999,98.49600000000001,2026-03-25 18:27:01
xerox 2,137.376,2026-03-25 18:27:01
xerox 20,6.48,2026-03-25 18:27:01
xerox 200,84.24000000000001,2026-03-25 18:27:01
xerox 2000,84.24000000000001,2026-03-25 18:27:01
xerox 201,110.16,2026-03-25 18:27:01
xerox 202,171.072,2026-03-25 18:27:01
xerox 203,143.856,2026-03-25 18:27:01
xerox 204,110.16,2026-03-25 18:27:01
xerox 205,150.336,2026-03-25 18:27:01
xerox 206,60.912000000000006,2026-03-25 18:27:01
xerox 207,40.176,2026-03-25 18:27:01
xerox 208,54.432,2026-03-25 18:27:01
xerox 209,187.92000000000002,2026-03-25 18:27:01
xerox 21,124.416,2026-03-25 18:27:01
xerox 210,95.904,2026-03-25 18:27:01
xerox 211,104.976,2026-03-25 18:27:01
xerox 212,141.264,2026-03-25 18:27:01
xerox 213,111.456,2026-03-25 18:27:01
xerox 214,215.136,2026-03-25 18:27:01
xerox 215,19.44,2026-03-25 18:27:01
xerox 216,238.464,2026-03-25 18:27:01
xerox 217,151.632,2026-03-25 18:27:01
xerox 218,49.248000000000005,2026-03-25 18:27:01
xerox 219,97.2,2026-03-25 18:27:01
xerox 22,75.168,2026-03-25 18:27:01
xerox 220,145.15200000000002,2026-03-25 18:27:01
xerox 221,73.872,2026-03-25 18:27:01
xerox 222,134.784,2026-03-25 18:27:01
xerox 223,58.32,2026-03-25 18:27:01
xerox 224,95.904,2026-03-25 18:27:01
xerox 225,196.99200000000002,2026-03-25 18:27:01
xerox 226,334.368,2026-03-25 18:27:01
xerox 227,120.528,2026-03-25 18:27:01
xerox 228,97.2,2026-03-25 18:27:01
xerox 229,85.536,2026-03-25 18:27:01
xerox 23,134.784,2026-03-25 18:27:01
xerox 230,127.008,2026-03-25 18:27:01
xerox 231,79.05600000000001,2026-03-25 18:27:01
xerox 232,120.52799999999999,2026-03-25 18:27:01
xerox 4200 series multiuse premium copy paper (20lb. and 84 bright),139.392,2026-03-25 18:27:01
xerox blank computer paper,99.9,2026-03-25 18:27:01
"xerox color copier paper, 11 x 17, ream",593.84,2026-03-25 18:27:01
xerox workcentre 6505dn laser multifunction printer,2519.958,2026-03-25 18:27:01
xiaomi mi3,2279.96,2026-03-25 18:27:01
"xtralife clearvue slant-d ring binder, white, 3",386.084,2026-03-25 18:27:01
xtralife clearvue slant-d ring binders by cardinal,72.912,2026-03-25 18:27:01
zebra gk420t direct thermal/thermal transfer printer,703.71,2026-03-25 18:27:01
zebra gx420t direct thermal/thermal transfer printer,5787.355,2026-03-25 18:27:01
zebra zazzle fluorescent highlighters,100.928,2026-03-25 18:27:01
zebra zm400 thermal label printer,6965.700000000001,2026-03-25 18:27:01
zipper ring binder pockets,81.744,2026-03-25 18:27:01
